created_at,id,id_str,text,display_text_range,source,truncated,in_reply_to_status_id,in_reply_to_status_id_str,in_reply_to_user_id,in_reply_to_user_id_str,in_reply_to_screen_name,user,geo,coordinates,place,contributors,quoted_status_id,quoted_status_id_str,quoted_status,quoted_status_permalink,is_quote_status,quote_count,reply_count,retweet_count,favorite_count,entities,favorited,retweeted,possibly_sensitive,filter_level,lang,matching_rules,extended_tweet,retweeted_status,extended_entities
Thu Apr 15 16:12:00 +0000 2021,1382728423735504906,1382728423735504906,The World Health Organization (WHO) has expressed concern over the rising rates of new COVID-19 infections and deat… https://t.co/wLY3jnTjyC,,"<a href=""https://mobile.twitter.com"" rel=""nofollow"">Twitter Web App</a>",True,,,,,,"{'id': 1115874631, 'id_str': '1115874631', 'name': 'CGTN', 'screen_name': 'CGTNOfficial', 'location': 'Beijing, China', 'url': 'http://www.CGTN.com', 'description': 'CGTN is an international media organization. It aims to provide global audiences with accurate and timely news coverage as well as rich audiovisual services.', 'translator_type': 'none', 'protected': False, 'verified': True, 'followers_count': 13420336, 'friends_count': 74, 'listed_count': 8152, 'favourites_count': 184, 'statuses_count': 201183, 'created_at': 'Thu Jan 24 03:18:59 +0000 2013', 'utc_offset': None, 'time_zone': None, 'geo_enabled': False, 'lang': None, 'contributors_enabled': False, 'is_translator': False, 'profile_background_color': '131516', 'profile_background_image_url': 'http://abs.twimg.com/images/themes/theme14/bg.gif', 'profile_background_image_url_https': 'https://abs.twimg.com/images/themes/theme14/bg.gif', 'profile_background_tile': True, 'profile_link_color': '009999', 'profile_sidebar_border_color': 'FFFFFF', 'profile_sidebar_fill_color': 'EFEFEF', 'profile_text_color': '333333', 'profile_use_background_image': True, 'profile_image_url': 'http://pbs.twimg.com/profile_images/1246467745975156738/hicJQmq0_normal.jpg', 'profile_image_url_https': 'https://pbs.twimg.com/profile_images/1246467745975156738/hicJQmq0_normal.jpg', 'profile_banner_url': 'https://pbs.twimg.com/profile_banners/1115874631/1586016045', 'default_profile': False, 'default_profile_image': False, 'following': None, 'follow_request_sent': None, 'notifications': None, 'withheld_in_countries': []}",,,,,,,,,False,0,1,2,12,"{'hashtags': [], 'urls': [{'url': 'https://t.co/wLY3jnTjyC', 'expanded_url': 'https://twitter.com/i/web/status/1382728423735504906', 'display_url': 'twitter.com/i/web/status/1…', 'indices': [117, 140]}], 'user_mentions': [], 'symbols': []}",False,False,False,low,en,[{'tag': None}],"{'full_text': 'The World Health Organization (WHO) has expressed concern over the rising rates of new COVID-19 infections and deaths, as a third wave of the virus sweeps across the world.\nhttps://t.co/wbkaABu31v', 'display_text_range': [0, 196], 'entities': {'hashtags': [], 'urls': [{'url': 'https://t.co/wbkaABu31v', 'expanded_url': 'https://newsaf.cgtn.com/news/2021-04-16/WHO-concerned-by-rising-COVID-19-infection-and-death-rates-globally-ZupimbXjHO/index.html', 'display_url': 'newsaf.cgtn.com/news/2021-04-1…', 'indices': [173, 196]}], 'user_mentions': [], 'symbols': []}}",,
Mon Apr 12 22:27:29 +0000 2021,1381735751969308676,1381735751969308676,"Director-general of the World Health Organization, Tedros Adhanom Ghebreyesus, warned of a rise in global COVID-19… https://t.co/GG89ZbJ0YM","[0, 140]","<a href=""https://about.twitter.com/products/tweetdeck"" rel=""nofollow"">TweetDeck</a>",True,,,,,,"{'id': 1115874631, 'id_str': '1115874631', 'name': 'CGTN', 'screen_name': 'CGTNOfficial', 'location': 'Beijing, China', 'url': 'http://www.CGTN.com', 'description': 'CGTN is an international media organization. It aims to provide global audiences with accurate and timely news coverage as well as rich audiovisual services.', 'translator_type': 'none', 'protected': False, 'verified': True, 'followers_count': 13420336, 'friends_count': 74, 'listed_count': 8152, 'favourites_count': 184, 'statuses_count': 201183, 'created_at': 'Thu Jan 24 03:18:59 +0000 2013', 'utc_offset': None, 'time_zone': None, 'geo_enabled': False, 'lang': None, 'contributors_enabled': False, 'is_translator': False, 'profile_background_color': '131516', 'profile_background_image_url': 'http://abs.twimg.com/images/themes/theme14/bg.gif', 'profile_background_image_url_https': 'https://abs.twimg.com/images/themes/theme14/bg.gif', 'profile_background_tile': True, 'profile_link_color': '009999', 'profile_sidebar_border_color': 'FFFFFF', 'profile_sidebar_fill_color': 'EFEFEF', 'profile_text_color': '333333', 'profile_use_background_image': True, 'profile_image_url': 'http://pbs.twimg.com/profile_images/1246467745975156738/hicJQmq0_normal.jpg', 'profile_image_url_https': 'https://pbs.twimg.com/profile_images/1246467745975156738/hicJQmq0_normal.jpg', 'profile_banner_url': 'https://pbs.twimg.com/profile_banners/1115874631/1586016045', 'default_profile': False, 'default_profile_image': False, 'following': None, 'follow_request_sent': None, 'notifications': None, 'withheld_in_countries': []}",,,,,,,,,False,1,4,7,34,"{'hashtags': [], 'urls': [{'url': 'https://t.co/GG89ZbJ0YM', 'expanded_url': 'https://twitter.com/i/web/status/1381735751969308676', 'display_url': 'twitter.com/i/web/status/1…', 'indices': [116, 139]}], 'user_mentions': [], 'symbols': []}",False,False,False,low,en,[{'tag': None}],"{'full_text': 'Director-general of the World Health Organization, Tedros Adhanom Ghebreyesus, warned of a rise in global COVID-19 cases and deaths during a press conference on Monday. The WHO is emphasizing the public follow COVID-19 health guidelines to contain the virus. https://t.co/J5wqcxVetA', 'display_text_range': [0, 258], 'entities': {'hashtags': [], 'urls': [], 'user_mentions': [], 'symbols': [], 'media': [{'id': 1381735745120051203, 'id_str': '1381735745120051203', 'indices': [259, 282], 'media_url': 'http://pbs.twimg.com/media/EyzpVuVXIAM1tQV.jpg', 'media_url_https': 'https://pbs.twimg.com/media/EyzpVuVXIAM1tQV.jpg', 'url': 'https://t.co/J5wqcxVetA', 'display_url': 'pic.twitter.com/J5wqcxVetA', 'expanded_url': 'https://twitter.com/CGTNOfficial/status/1381735751969308676/photo/1', 'type': 'photo', 'sizes': {'thumb': {'w': 150, 'h': 150, 'resize': 'crop'}, 'medium': {'w': 1200, 'h': 1200, 'resize': 'fit'}, 'small': {'w': 680, 'h': 680, 'resize': 'fit'}, 'large': {'w': 1920, 'h': 1920, 'resize': 'fit'}}}]}, 'extended_entities': {'media': [{'id': 1381735745120051203, 'id_str': '1381735745120051203', 'indices': [259, 282], 'media_url': 'http://pbs.twimg.com/media/EyzpVuVXIAM1tQV.jpg', 'media_url_https': 'https://pbs.twimg.com/media/EyzpVuVXIAM1tQV.jpg', 'url': 'https://t.co/J5wqcxVetA', 'display_url': 'pic.twitter.com/J5wqcxVetA', 'expanded_url': 'https://twitter.com/CGTNOfficial/status/1381735751969308676/photo/1', 'type': 'photo', 'sizes': {'thumb': {'w': 150, 'h': 150, 'resize': 'crop'}, 'medium': {'w': 1200, 'h': 1200, 'resize': 'fit'}, 'small': {'w': 680, 'h': 680, 'resize': 'fit'}, 'large': {'w': 1920, 'h': 1920, 'resize': 'fit'}}}]}}",,
Sat Apr 10 17:26:24 +0000 2021,1380935205532368896,1380935205532368896,"The vast majority of COVID-19 vaccines administered have so far gone to wealthy nations, the World Health Organizat… https://t.co/CUvUGe7Ptv",,"<a href=""https://mobile.twitter.com"" rel=""nofollow"">Twitter Web App</a>",True,,,,,,"{'id': 1115874631, 'id_str': '1115874631', 'name': 'CGTN', 'screen_name': 'CGTNOfficial', 'location': 'Beijing, China', 'url': 'http://www.CGTN.com', 'description': 'CGTN is an international media organization. It aims to provide global audiences with accurate and timely news coverage as well as rich audiovisual services.', 'translator_type': 'none', 'protected': False, 'verified': True, 'followers_count': 13420336, 'friends_count': 74, 'listed_count': 8152, 'favourites_count': 184, 'statuses_count': 201183, 'created_at': 'Thu Jan 24 03:18:59 +0000 2013', 'utc_offset': None, 'time_zone': None, 'geo_enabled': False, 'lang': None, 'contributors_enabled': False, 'is_translator': False, 'profile_background_color': '131516', 'profile_background_image_url': 'http://abs.twimg.com/images/themes/theme14/bg.gif', 'profile_background_image_url_https': 'https://abs.twimg.com/images/themes/theme14/bg.gif', 'profile_background_tile': True, 'profile_link_color': '009999', 'profile_sidebar_border_color': 'FFFFFF', 'profile_sidebar_fill_color': 'EFEFEF', 'profile_text_color': '333333', 'profile_use_background_image': True, 'profile_image_url': 'http://pbs.twimg.com/profile_images/1246467745975156738/hicJQmq0_normal.jpg', 'profile_image_url_https': 'https://pbs.twimg.com/profile_images/1246467745975156738/hicJQmq0_normal.jpg', 'profile_banner_url': 'https://pbs.twimg.com/profile_banners/1115874631/1586016045', 'default_profile': False, 'default_profile_image': False, 'following': None, 'follow_request_sent': None, 'notifications': None, 'withheld_in_countries': []}",,,,,,,,,False,1,4,18,51,"{'hashtags': [], 'urls': [{'url': 'https://t.co/CUvUGe7Ptv', 'expanded_url': 'https://twitter.com/i/web/status/1380935205532368896', 'display_url': 'twitter.com/i/web/status/1…', 'indices': [117, 140]}], 'user_mentions': [], 'symbols': []}",False,False,False,low,en,[{'tag': None}],"{'full_text': 'The vast majority of COVID-19 vaccines administered have so far gone to wealthy nations, the World Health Organization (WHO) reported.\nhttps://t.co/JeBdaL36ov', 'display_text_range': [0, 158], 'entities': {'hashtags': [], 'urls': [{'url': 'https://t.co/JeBdaL36ov', 'expanded_url': 'https://newsaf.cgtn.com/news/2021-04-11/Low-income-nations-have-received-just-0-2-pct-of-all-COVID-19-shots-ZmcQOd0J0Y/index.html', 'display_url': 'newsaf.cgtn.com/news/2021-04-1…', 'indices': [135, 158]}], 'user_mentions': [], 'symbols': []}}",,
Fri Apr 09 19:14:42 +0000 2021,1380600074493911041,1380600074493911041,WHO director-general Tedros Adhanom Ghebreyesus said Friday that the World Health Organization continues to believe… https://t.co/lMKPt3dane,,"<a href=""https://about.twitter.com/products/tweetdeck"" rel=""nofollow"">TweetDeck</a>",True,1.380599820709167e+18,1.380599820709167e+18,1115874631.0,1115874631.0,CGTNOfficial,"{'id': 1115874631, 'id_str': '1115874631', 'name': 'CGTN', 'screen_name': 'CGTNOfficial', 'location': 'Beijing, China', 'url': 'http://www.CGTN.com', 'description': 'CGTN is an international media organization. It aims to provide global audiences with accurate and timely news coverage as well as rich audiovisual services.', 'translator_type': 'none', 'protected': False, 'verified': True, 'followers_count': 13420336, 'friends_count': 74, 'listed_count': 8152, 'favourites_count': 184, 'statuses_count': 201183, 'created_at': 'Thu Jan 24 03:18:59 +0000 2013', 'utc_offset': None, 'time_zone': None, 'geo_enabled': False, 'lang': None, 'contributors_enabled': False, 'is_translator': False, 'profile_background_color': '131516', 'profile_background_image_url': 'http://abs.twimg.com/images/themes/theme14/bg.gif', 'profile_background_image_url_https': 'https://abs.twimg.com/images/themes/theme14/bg.gif', 'profile_background_tile': True, 'profile_link_color': '009999', 'profile_sidebar_border_color': 'FFFFFF', 'profile_sidebar_fill_color': 'EFEFEF', 'profile_text_color': '333333', 'profile_use_background_image': True, 'profile_image_url': 'http://pbs.twimg.com/profile_images/1246467745975156738/hicJQmq0_normal.jpg', 'profile_image_url_https': 'https://pbs.twimg.com/profile_images/1246467745975156738/hicJQmq0_normal.jpg', 'profile_banner_url': 'https://pbs.twimg.com/profile_banners/1115874631/1586016045', 'default_profile': False, 'default_profile_image': False, 'following': None, 'follow_request_sent': None, 'notifications': None, 'withheld_in_countries': []}",,,,,,,,,False,0,0,1,5,"{'hashtags': [], 'urls': [{'url': 'https://t.co/lMKPt3dane', 'expanded_url': 'https://twitter.com/i/web/status/1380600074493911041', 'display_url': 'twitter.com/i/web/status/1…', 'indices': [117, 140]}], 'user_mentions': [], 'symbols': []}",False,False,,low,en,[{'tag': None}],"{'full_text': 'WHO director-general Tedros Adhanom Ghebreyesus said Friday that the World Health Organization continues to believe that the benefits of the AstraZeneca COVID-19 vaccine outweigh the risks of the rare side-effects reported.', 'display_text_range': [0, 223], 'entities': {'hashtags': [], 'urls': [], 'user_mentions': [], 'symbols': []}}",,
Thu Apr 08 15:50:00 +0000 2021,1380186172375363584,1380186172375363584,"Africa has only administered 2 percent of the more than 690 million COVID-19 vaccine doses given globally, the Worl… https://t.co/tgMNjppGYK",,"<a href=""https://mobile.twitter.com"" rel=""nofollow"">Twitter Web App</a>",True,,,,,,"{'id': 1115874631, 'id_str': '1115874631', 'name': 'CGTN', 'screen_name': 'CGTNOfficial', 'location': 'Beijing, China', 'url': 'http://www.CGTN.com', 'description': 'CGTN is an international media organization. It aims to provide global audiences with accurate and timely news coverage as well as rich audiovisual services.', 'translator_type': 'none', 'protected': False, 'verified': True, 'followers_count': 13420336, 'friends_count': 74, 'listed_count': 8152, 'favourites_count': 184, 'statuses_count': 201183, 'created_at': 'Thu Jan 24 03:18:59 +0000 2013', 'utc_offset': None, 'time_zone': None, 'geo_enabled': False, 'lang': None, 'contributors_enabled': False, 'is_translator': False, 'profile_background_color': '131516', 'profile_background_image_url': 'http://abs.twimg.com/images/themes/theme14/bg.gif', 'profile_background_image_url_https': 'https://abs.twimg.com/images/themes/theme14/bg.gif', 'profile_background_tile': True, 'profile_link_color': '009999', 'profile_sidebar_border_color': 'FFFFFF', 'profile_sidebar_fill_color': 'EFEFEF', 'profile_text_color': '333333', 'profile_use_background_image': True, 'profile_image_url': 'http://pbs.twimg.com/profile_images/1246467745975156738/hicJQmq0_normal.jpg', 'profile_image_url_https': 'https://pbs.twimg.com/profile_images/1246467745975156738/hicJQmq0_normal.jpg', 'profile_banner_url': 'https://pbs.twimg.com/profile_banners/1115874631/1586016045', 'default_profile': False, 'default_profile_image': False, 'following': None, 'follow_request_sent': None, 'notifications': None, 'withheld_in_countries': []}",,,,,,,,,False,1,1,5,22,"{'hashtags': [], 'urls': [{'url': 'https://t.co/tgMNjppGYK', 'expanded_url': 'https://twitter.com/i/web/status/1380186172375363584', 'display_url': 'twitter.com/i/web/status/1…', 'indices': [117, 140]}], 'user_mentions': [], 'symbols': []}",False,False,False,low,en,[{'tag': None}],"{'full_text': 'Africa has only administered 2 percent of the more than 690 million COVID-19 vaccine doses given globally, the World Health Organization (WHO) said on Thursday.\nhttps://t.co/a8KZjtOW4U', 'display_text_range': [0, 184], 'entities': {'hashtags': [], 'urls': [{'url': 'https://t.co/a8KZjtOW4U', 'expanded_url': 'https://africa.cgtn.com/2021/04/08/less-than-2-of-worlds-covid-19-vaccines-administered-in-africa-who/?platform=hootsuite', 'display_url': 'africa.cgtn.com/2021/04/08/les…', 'indices': [161, 184]}], 'user_mentions': [], 'symbols': []}}",,
Thu Apr 08 00:35:41 +0000 2021,1379956074531282950,1379956074531282950,A causal link between the #AstraZeneca COVID-19 vaccine and the rare occurrence of blood clots with low platelets i… https://t.co/pKAYGf8vVk,"[0, 140]","<a href=""https://mobile.twitter.com"" rel=""nofollow"">Twitter Web App</a>",True,,,,,,"{'id': 1115874631, 'id_str': '1115874631', 'name': 'CGTN', 'screen_name': 'CGTNOfficial', 'location': 'Beijing, China', 'url': 'http://www.CGTN.com', 'description': 'CGTN is an international media organization. It aims to provide global audiences with accurate and timely news coverage as well as rich audiovisual services.', 'translator_type': 'none', 'protected': False, 'verified': True, 'followers_count': 13420336, 'friends_count': 74, 'listed_count': 8152, 'favourites_count': 184, 'statuses_count': 201183, 'created_at': 'Thu Jan 24 03:18:59 +0000 2013', 'utc_offset': None, 'time_zone': None, 'geo_enabled': False, 'lang': None, 'contributors_enabled': False, 'is_translator': False, 'profile_background_color': '131516', 'profile_background_image_url': 'http://abs.twimg.com/images/themes/theme14/bg.gif', 'profile_background_image_url_https': 'https://abs.twimg.com/images/themes/theme14/bg.gif', 'profile_background_tile': True, 'profile_link_color': '009999', 'profile_sidebar_border_color': 'FFFFFF', 'profile_sidebar_fill_color': 'EFEFEF', 'profile_text_color': '333333', 'profile_use_background_image': True, 'profile_image_url': 'http://pbs.twimg.com/profile_images/1246467745975156738/hicJQmq0_normal.jpg', 'profile_image_url_https': 'https://pbs.twimg.com/profile_images/1246467745975156738/hicJQmq0_normal.jpg', 'profile_banner_url': 'https://pbs.twimg.com/profile_banners/1115874631/1586016045', 'default_profile': False, 'default_profile_image': False, 'following': None, 'follow_request_sent': None, 'notifications': None, 'withheld_in_countries': []}",,,,,,,,,False,3,2,22,30,"{'hashtags': [{'text': 'AstraZeneca', 'indices': [26, 38]}], 'urls': [{'url': 'https://t.co/pKAYGf8vVk', 'expanded_url': 'https://twitter.com/i/web/status/1379956074531282950', 'display_url': 'twitter.com/i/web/status/1…', 'indices': [117, 140]}], 'user_mentions': [], 'symbols': []}",False,False,False,low,en,[{'tag': None}],"{'full_text': 'A causal link between the #AstraZeneca COVID-19 vaccine and the rare occurrence of blood clots with low platelets is ""considered plausible but not confirmed,"" the World Health Organization (WHO) said on Wednesday https://t.co/nHyJTls0ax https://t.co/k2N5LnbnpG', 'display_text_range': [0, 236], 'entities': {'hashtags': [{'text': 'AstraZeneca', 'indices': [26, 38]}], 'urls': [{'url': 'https://t.co/nHyJTls0ax', 'expanded_url': 'https://bit.ly/3fXuPEl', 'display_url': 'bit.ly/3fXuPEl', 'indices': [213, 236]}], 'user_mentions': [], 'symbols': [], 'media': [{'id': 1379954481832493058, 'id_str': '1379954481832493058', 'indices': [237, 260], 'media_url': 'http://pbs.twimg.com/media/EyaVSjfVgAIa8F1.jpg', 'media_url_https': 'https://pbs.twimg.com/media/EyaVSjfVgAIa8F1.jpg', 'url': 'https://t.co/k2N5LnbnpG', 'display_url': 'pic.twitter.com/k2N5LnbnpG', 'expanded_url': 'https://twitter.com/CGTNOfficial/status/1379956074531282950/photo/1', 'type': 'photo', 'sizes': {'medium': {'w': 1200, 'h': 800, 'resize': 'fit'}, 'thumb': {'w': 150, 'h': 150, 'resize': 'crop'}, 'small': {'w': 680, 'h': 453, 'resize': 'fit'}, 'large': {'w': 2048, 'h': 1365, 'resize': 'fit'}}}]}, 'extended_entities': {'media': [{'id': 1379954481832493058, 'id_str': '1379954481832493058', 'indices': [237, 260], 'media_url': 'http://pbs.twimg.com/media/EyaVSjfVgAIa8F1.jpg', 'media_url_https': 'https://pbs.twimg.com/media/EyaVSjfVgAIa8F1.jpg', 'url': 'https://t.co/k2N5LnbnpG', 'display_url': 'pic.twitter.com/k2N5LnbnpG', 'expanded_url': 'https://twitter.com/CGTNOfficial/status/1379956074531282950/photo/1', 'type': 'photo', 'sizes': {'medium': {'w': 1200, 'h': 800, 'resize': 'fit'}, 'thumb': {'w': 150, 'h': 150, 'resize': 'crop'}, 'small': {'w': 680, 'h': 453, 'resize': 'fit'}, 'large': {'w': 2048, 'h': 1365, 'resize': 'fit'}}}]}}",,
Wed Apr 07 11:40:00 +0000 2021,1379760867709968384,1379760867709968384,"April 7 marks the annual World Health Day. This year the WHO is calling for ""a fairer, healthier world for everyone… https://t.co/ze16ScgL8b","[0, 140]","<a href=""https://about.twitter.com/products/tweetdeck"" rel=""nofollow"">TweetDeck</a>",True,,,,,,"{'id': 1115874631, 'id_str': '1115874631', 'name': 'CGTN', 'screen_name': 'CGTNOfficial', 'location': 'Beijing, China', 'url': 'http://www.CGTN.com', 'description': 'CGTN is an international media organization. It aims to provide global audiences with accurate and timely news coverage as well as rich audiovisual services.', 'translator_type': 'none', 'protected': False, 'verified': True, 'followers_count': 13420336, 'friends_count': 74, 'listed_count': 8152, 'favourites_count': 184, 'statuses_count': 201183, 'created_at': 'Thu Jan 24 03:18:59 +0000 2013', 'utc_offset': None, 'time_zone': None, 'geo_enabled': False, 'lang': None, 'contributors_enabled': False, 'is_translator': False, 'profile_background_color': '131516', 'profile_background_image_url': 'http://abs.twimg.com/images/themes/theme14/bg.gif', 'profile_background_image_url_https': 'https://abs.twimg.com/images/themes/theme14/bg.gif', 'profile_background_tile': True, 'profile_link_color': '009999', 'profile_sidebar_border_color': 'FFFFFF', 'profile_sidebar_fill_color': 'EFEFEF', 'profile_text_color': '333333', 'profile_use_background_image': True, 'profile_image_url': 'http://pbs.twimg.com/profile_images/1246467745975156738/hicJQmq0_normal.jpg', 'profile_image_url_https': 'https://pbs.twimg.com/profile_images/1246467745975156738/hicJQmq0_normal.jpg', 'profile_banner_url': 'https://pbs.twimg.com/profile_banners/1115874631/1586016045', 'default_profile': False, 'default_profile_image': False, 'following': None, 'follow_request_sent': None, 'notifications': None, 'withheld_in_countries': []}",,,,,,,,,False,0,2,7,19,"{'hashtags': [], 'urls': [{'url': 'https://t.co/ze16ScgL8b', 'expanded_url': 'https://twitter.com/i/web/status/1379760867709968384', 'display_url': 'twitter.com/i/web/status/1…', 'indices': [117, 140]}], 'user_mentions': [], 'symbols': []}",False,False,False,low,en,[{'tag': None}],"{'full_text': 'April 7 marks the annual World Health Day. This year the WHO is calling for ""a fairer, healthier world for everyone,"" to eliminate health inequities, as the #COVID19 pandemic pushed more people into poverty and food insecurity and more social problems. #WorldHealthDay https://t.co/pIVMmcON3X', 'display_text_range': [0, 268], 'entities': {'hashtags': [{'text': 'COVID19', 'indices': [157, 165]}, {'text': 'WorldHealthDay', 'indices': [253, 268]}], 'urls': [], 'user_mentions': [], 'symbols': [], 'media': [{'id': 1379739399601016834, 'id_str': '1379739399601016834', 'indices': [269, 292], 'media_url': 'http://pbs.twimg.com/media/EyXRrHvUUAIhI9w.jpg', 'media_url_https': 'https://pbs.twimg.com/media/EyXRrHvUUAIhI9w.jpg', 'url': 'https://t.co/pIVMmcON3X', 'display_url': 'pic.twitter.com/pIVMmcON3X', 'expanded_url': 'https://twitter.com/CGTNOfficial/status/1379760867709968384/photo/1', 'type': 'photo', 'sizes': {'thumb': {'w': 150, 'h': 150, 'resize': 'crop'}, 'large': {'w': 2048, 'h': 2048, 'resize': 'fit'}, 'medium': {'w': 1200, 'h': 1200, 'resize': 'fit'}, 'small': {'w': 680, 'h': 680, 'resize': 'fit'}}}]}, 'extended_entities': {'media': [{'id': 1379739399601016834, 'id_str': '1379739399601016834', 'indices': [269, 292], 'media_url': 'http://pbs.twimg.com/media/EyXRrHvUUAIhI9w.jpg', 'media_url_https': 'https://pbs.twimg.com/media/EyXRrHvUUAIhI9w.jpg', 'url': 'https://t.co/pIVMmcON3X', 'display_url': 'pic.twitter.com/pIVMmcON3X', 'expanded_url': 'https://twitter.com/CGTNOfficial/status/1379760867709968384/photo/1', 'type': 'photo', 'sizes': {'thumb': {'w': 150, 'h': 150, 'resize': 'crop'}, 'large': {'w': 2048, 'h': 2048, 'resize': 'fit'}, 'medium': {'w': 1200, 'h': 1200, 'resize': 'fit'}, 'small': {'w': 680, 'h': 680, 'resize': 'fit'}}}]}}",,
Tue Apr 06 18:08:44 +0000 2021,1379496307119771652,1379496307119771652,"Chinese COVID19 vaccines produced by Sinovac and Sinopharm are expected to be reviewed by the WHO
 for emergency us… https://t.co/DGyKtEf2Iw","[0, 140]","<a href=""https://mobile.twitter.com"" rel=""nofollow"">Twitter Web App</a>",True,,,,,,"{'id': 1115874631, 'id_str': '1115874631', 'name': 'CGTN', 'screen_name': 'CGTNOfficial', 'location': 'Beijing, China', 'url': 'http://www.CGTN.com', 'description': 'CGTN is an international media organization. It aims to provide global audiences with accurate and timely news coverage as well as rich audiovisual services.', 'translator_type': 'none', 'protected': False, 'verified': True, 'followers_count': 13420336, 'friends_count': 74, 'listed_count': 8152, 'favourites_count': 184, 'statuses_count': 201183, 'created_at': 'Thu Jan 24 03:18:59 +0000 2013', 'utc_offset': None, 'time_zone': None, 'geo_enabled': False, 'lang': None, 'contributors_enabled': False, 'is_translator': False, 'profile_background_color': '131516', 'profile_background_image_url': 'http://abs.twimg.com/images/themes/theme14/bg.gif', 'profile_background_image_url_https': 'https://abs.twimg.com/images/themes/theme14/bg.gif', 'profile_background_tile': True, 'profile_link_color': '009999', 'profile_sidebar_border_color': 'FFFFFF', 'profile_sidebar_fill_color': 'EFEFEF', 'profile_text_color': '333333', 'profile_use_background_image': True, 'profile_image_url': 'http://pbs.twimg.com/profile_images/1246467745975156738/hicJQmq0_normal.jpg', 'profile_image_url_https': 'https://pbs.twimg.com/profile_images/1246467745975156738/hicJQmq0_normal.jpg', 'profile_banner_url': 'https://pbs.twimg.com/profile_banners/1115874631/1586016045', 'default_profile': False, 'default_profile_image': False, 'following': None, 'follow_request_sent': None, 'notifications': None, 'withheld_in_countries': []}",,,,,,,,,False,1,1,13,48,"{'hashtags': [], 'urls': [{'url': 'https://t.co/DGyKtEf2Iw', 'expanded_url': 'https://twitter.com/i/web/status/1379496307119771652', 'display_url': 'twitter.com/i/web/status/1…', 'indices': [117, 140]}], 'user_mentions': [], 'symbols': []}",False,False,False,low,en,[{'tag': None}],"{'full_text': ""Chinese COVID19 vaccines produced by Sinovac and Sinopharm are expected to be reviewed by the WHO\n for emergency use by the end of April, WHO spokesperson said, according to People's Daily. https://t.co/2JZvItscsy"", 'display_text_range': [0, 189], 'entities': {'hashtags': [], 'urls': [], 'user_mentions': [], 'symbols': [], 'media': [{'id': 1379496291911274502, 'id_str': '1379496291911274502', 'indices': [190, 213], 'media_url': 'http://pbs.twimg.com/media/EyT0kZBXEAYWGG1.jpg', 'media_url_https': 'https://pbs.twimg.com/media/EyT0kZBXEAYWGG1.jpg', 'url': 'https://t.co/2JZvItscsy', 'display_url': 'pic.twitter.com/2JZvItscsy', 'expanded_url': 'https://twitter.com/CGTNOfficial/status/1379496307119771652/photo/1', 'type': 'photo', 'sizes': {'thumb': {'w': 150, 'h': 150, 'resize': 'crop'}, 'medium': {'w': 500, 'h': 300, 'resize': 'fit'}, 'small': {'w': 500, 'h': 300, 'resize': 'fit'}, 'large': {'w': 500, 'h': 300, 'resize': 'fit'}}}]}, 'extended_entities': {'media': [{'id': 1379496291911274502, 'id_str': '1379496291911274502', 'indices': [190, 213], 'media_url': 'http://pbs.twimg.com/media/EyT0kZBXEAYWGG1.jpg', 'media_url_https': 'https://pbs.twimg.com/media/EyT0kZBXEAYWGG1.jpg', 'url': 'https://t.co/2JZvItscsy', 'display_url': 'pic.twitter.com/2JZvItscsy', 'expanded_url': 'https://twitter.com/CGTNOfficial/status/1379496307119771652/photo/1', 'type': 'photo', 'sizes': {'thumb': {'w': 150, 'h': 150, 'resize': 'crop'}, 'medium': {'w': 500, 'h': 300, 'resize': 'fit'}, 'small': {'w': 500, 'h': 300, 'resize': 'fit'}, 'large': {'w': 500, 'h': 300, 'resize': 'fit'}}}]}}",,
Thu Apr 01 17:34:02 +0000 2021,1377675634990780416,1377675634990780416,"As the European region currently fights a resurgence of COVID-19 transmissions, the World Health Organization (WHO)… https://t.co/z1ssvnPoYF",,"<a href=""https://mobile.twitter.com"" rel=""nofollow"">Twitter Web App</a>",True,,,,,,"{'id': 1115874631, 'id_str': '1115874631', 'name': 'CGTN', 'screen_name': 'CGTNOfficial', 'location': 'Beijing, China', 'url': 'http://www.CGTN.com', 'description': 'CGTN is an international media organization. It aims to provide global audiences with accurate and timely news coverage as well as rich audiovisual services.', 'translator_type': 'none', 'protected': False, 'verified': True, 'followers_count': 13420336, 'friends_count': 74, 'listed_count': 8152, 'favourites_count': 184, 'statuses_count': 201183, 'created_at': 'Thu Jan 24 03:18:59 +0000 2013', 'utc_offset': None, 'time_zone': None, 'geo_enabled': False, 'lang': None, 'contributors_enabled': False, 'is_translator': False, 'profile_background_color': '131516', 'profile_background_image_url': 'http://abs.twimg.com/images/themes/theme14/bg.gif', 'profile_background_image_url_https': 'https://abs.twimg.com/images/themes/theme14/bg.gif', 'profile_background_tile': True, 'profile_link_color': '009999', 'profile_sidebar_border_color': 'FFFFFF', 'profile_sidebar_fill_color': 'EFEFEF', 'profile_text_color': '333333', 'profile_use_background_image': True, 'profile_image_url': 'http://pbs.twimg.com/profile_images/1246467745975156738/hicJQmq0_normal.jpg', 'profile_image_url_https': 'https://pbs.twimg.com/profile_images/1246467745975156738/hicJQmq0_normal.jpg', 'profile_banner_url': 'https://pbs.twimg.com/profile_banners/1115874631/1586016045', 'default_profile': False, 'default_profile_image': False, 'following': None, 'follow_request_sent': None, 'notifications': None, 'withheld_in_countries': []}",,,,,,,,,False,0,0,4,10,"{'hashtags': [], 'urls': [{'url': 'https://t.co/z1ssvnPoYF', 'expanded_url': 'https://twitter.com/i/web/status/1377675634990780416', 'display_url': 'twitter.com/i/web/status/1…', 'indices': [117, 140]}], 'user_mentions': [], 'symbols': []}",False,False,False,low,en,[{'tag': None}],"{'full_text': 'As the European region currently fights a resurgence of COVID-19 transmissions, the World Health Organization (WHO) Regional Office for Europe on Thursday called upon the governments in the region to “scale-up of both vaccine production and vaccination.”\nhttps://t.co/bUy51h6csO', 'display_text_range': [0, 278], 'entities': {'hashtags': [], 'urls': [{'url': 'https://t.co/bUy51h6csO', 'expanded_url': 'https://africa.cgtn.com/2021/04/01/who-warns-slow-vaccine-roll-out-prolonging-covid-19-pandemic/?platform=hootsuite', 'display_url': 'africa.cgtn.com/2021/04/01/who…', 'indices': [255, 278]}], 'user_mentions': [], 'symbols': []}}",,
Thu Apr 01 05:20:00 +0000 2021,1377490910431244290,1377490910431244290,"Exclusive: Professor Yang Yungui, the Chinese head of the joint #WHO-#China team's molecular tracing group, explain… https://t.co/sCpOn76ZlM",,"<a href=""https://about.twitter.com/products/tweetdeck"" rel=""nofollow"">TweetDeck</a>",True,,,,,,"{'id': 1115874631, 'id_str': '1115874631', 'name': 'CGTN', 'screen_name': 'CGTNOfficial', 'location': 'Beijing, China', 'url': 'http://www.CGTN.com', 'description': 'CGTN is an international media organization. It aims to provide global audiences with accurate and timely news coverage as well as rich audiovisual services.', 'translator_type': 'none', 'protected': False, 'verified': True, 'followers_count': 13420336, 'friends_count': 74, 'listed_count': 8152, 'favourites_count': 184, 'statuses_count': 201183, 'created_at': 'Thu Jan 24 03:18:59 +0000 2013', 'utc_offset': None, 'time_zone': None, 'geo_enabled': False, 'lang': None, 'contributors_enabled': False, 'is_translator': False, 'profile_background_color': '131516', 'profile_background_image_url': 'http://abs.twimg.com/images/themes/theme14/bg.gif', 'profile_background_image_url_https': 'https://abs.twimg.com/images/themes/theme14/bg.gif', 'profile_background_tile': True, 'profile_link_color': '009999', 'profile_sidebar_border_color': 'FFFFFF', 'profile_sidebar_fill_color': 'EFEFEF', 'profile_text_color': '333333', 'profile_use_background_image': True, 'profile_image_url': 'http://pbs.twimg.com/profile_images/1246467745975156738/hicJQmq0_normal.jpg', 'profile_image_url_https': 'https://pbs.twimg.com/profile_images/1246467745975156738/hicJQmq0_normal.jpg', 'profile_banner_url': 'https://pbs.twimg.com/profile_banners/1115874631/1586016045', 'default_profile': False, 'default_profile_image': False, 'following': None, 'follow_request_sent': None, 'notifications': None, 'withheld_in_countries': []}",,,,,,,,,False,1,1,9,40,"{'hashtags': [{'text': 'WHO', 'indices': [64, 68]}, {'text': 'China', 'indices': [69, 75]}], 'urls': [{'url': 'https://t.co/sCpOn76ZlM', 'expanded_url': 'https://twitter.com/i/web/status/1377490910431244290', 'display_url': 'twitter.com/i/web/status/1…', 'indices': [117, 140]}], 'user_mentions': [], 'symbols': []}",False,False,False,low,en,[{'tag': None}],"{'full_text': ""Exclusive: Professor Yang Yungui, the Chinese head of the joint #WHO-#China team's molecular tracing group, explained the origins tracing study. https://t.co/nuIEIGXSRA"", 'display_text_range': [0, 168], 'entities': {'hashtags': [{'text': 'WHO', 'indices': [64, 68]}, {'text': 'China', 'indices': [69, 75]}], 'urls': [{'url': 'https://t.co/nuIEIGXSRA', 'expanded_url': 'https://news.cgtn.com/news/2021-04-01/Exclusive-WHO-China-team-expert-on-COVID-19-origin-molecular-study-Z66naAI3As/index.html', 'display_url': 'news.cgtn.com/news/2021-04-0…', 'indices': [145, 168]}], 'user_mentions': [], 'symbols': []}}",,
Thu Apr 01 00:00:36 +0000 2021,1377410532857180169,1377410532857180169,Data provided by Chinese #vaccine makers Sinopharm and Sinovac showed their COVID-19 vaccines have levels of effica… https://t.co/k56iGF3PVL,"[0, 140]","<a href=""https://mobile.twitter.com"" rel=""nofollow"">Twitter Web App</a>",True,,,,,,"{'id': 1115874631, 'id_str': '1115874631', 'name': 'CGTN', 'screen_name': 'CGTNOfficial', 'location': 'Beijing, China', 'url': 'http://www.CGTN.com', 'description': 'CGTN is an international media organization. It aims to provide global audiences with accurate and timely news coverage as well as rich audiovisual services.', 'translator_type': 'none', 'protected': False, 'verified': True, 'followers_count': 13420336, 'friends_count': 74, 'listed_count': 8152, 'favourites_count': 184, 'statuses_count': 201183, 'created_at': 'Thu Jan 24 03:18:59 +0000 2013', 'utc_offset': None, 'time_zone': None, 'geo_enabled': False, 'lang': None, 'contributors_enabled': False, 'is_translator': False, 'profile_background_color': '131516', 'profile_background_image_url': 'http://abs.twimg.com/images/themes/theme14/bg.gif', 'profile_background_image_url_https': 'https://abs.twimg.com/images/themes/theme14/bg.gif', 'profile_background_tile': True, 'profile_link_color': '009999', 'profile_sidebar_border_color': 'FFFFFF', 'profile_sidebar_fill_color': 'EFEFEF', 'profile_text_color': '333333', 'profile_use_background_image': True, 'profile_image_url': 'http://pbs.twimg.com/profile_images/1246467745975156738/hicJQmq0_normal.jpg', 'profile_image_url_https': 'https://pbs.twimg.com/profile_images/1246467745975156738/hicJQmq0_normal.jpg', 'profile_banner_url': 'https://pbs.twimg.com/profile_banners/1115874631/1586016045', 'default_profile': False, 'default_profile_image': False, 'following': None, 'follow_request_sent': None, 'notifications': None, 'withheld_in_countries': []}",,,,,,,,,False,1,2,9,35,"{'hashtags': [{'text': 'vaccine', 'indices': [25, 33]}], 'urls': [{'url': 'https://t.co/k56iGF3PVL', 'expanded_url': 'https://twitter.com/i/web/status/1377410532857180169', 'display_url': 'twitter.com/i/web/status/1…', 'indices': [117, 140]}], 'user_mentions': [], 'symbols': []}",False,False,False,low,en,[{'tag': None}],"{'full_text': 'Data provided by Chinese #vaccine makers Sinopharm and Sinovac showed their COVID-19 vaccines have levels of efficacy compatible with the requirements of the World Health Organization, the chair of a @WHO advisory panel said on Wednesday. https://t.co/O9ooI9Y4Jq', 'display_text_range': [0, 238], 'entities': {'hashtags': [{'text': 'vaccine', 'indices': [25, 33]}], 'urls': [], 'user_mentions': [{'screen_name': 'WHO', 'name': 'World Health Organization (WHO)', 'id': 14499829, 'id_str': '14499829', 'indices': [200, 204]}], 'symbols': [], 'media': [{'id': 1377410382914932737, 'id_str': '1377410382914932737', 'indices': [239, 262], 'media_url': 'http://pbs.twimg.com/media/Ex2LcgeUUAEqSj_.jpg', 'media_url_https': 'https://pbs.twimg.com/media/Ex2LcgeUUAEqSj_.jpg', 'url': 'https://t.co/O9ooI9Y4Jq', 'display_url': 'pic.twitter.com/O9ooI9Y4Jq', 'expanded_url': 'https://twitter.com/CGTNOfficial/status/1377410532857180169/photo/1', 'type': 'photo', 'sizes': {'thumb': {'w': 150, 'h': 150, 'resize': 'crop'}, 'medium': {'w': 1200, 'h': 800, 'resize': 'fit'}, 'large': {'w': 2048, 'h': 1365, 'resize': 'fit'}, 'small': {'w': 680, 'h': 453, 'resize': 'fit'}}}]}, 'extended_entities': {'media': [{'id': 1377410382914932737, 'id_str': '1377410382914932737', 'indices': [239, 262], 'media_url': 'http://pbs.twimg.com/media/Ex2LcgeUUAEqSj_.jpg', 'media_url_https': 'https://pbs.twimg.com/media/Ex2LcgeUUAEqSj_.jpg', 'url': 'https://t.co/O9ooI9Y4Jq', 'display_url': 'pic.twitter.com/O9ooI9Y4Jq', 'expanded_url': 'https://twitter.com/CGTNOfficial/status/1377410532857180169/photo/1', 'type': 'photo', 'sizes': {'thumb': {'w': 150, 'h': 150, 'resize': 'crop'}, 'medium': {'w': 1200, 'h': 800, 'resize': 'fit'}, 'large': {'w': 2048, 'h': 1365, 'resize': 'fit'}, 'small': {'w': 680, 'h': 453, 'resize': 'fit'}}}]}}",,
Wed Mar 31 10:04:10 +0000 2021,1377200038397370368,1377200038397370368,#cartoon @WHO has released a report on the global tracing of #COVID19 origins which almost ruled out the introducti… https://t.co/lVljLZGD3B,"[0, 140]","<a href=""https://mobile.twitter.com"" rel=""nofollow"">Twitter Web App</a>",True,,,,,,"{'id': 1115874631, 'id_str': '1115874631', 'name': 'CGTN', 'screen_name': 'CGTNOfficial', 'location': 'Beijing, China', 'url': 'http://www.CGTN.com', 'description': 'CGTN is an international media organization. It aims to provide global audiences with accurate and timely news coverage as well as rich audiovisual services.', 'translator_type': 'none', 'protected': False, 'verified': True, 'followers_count': 13420336, 'friends_count': 74, 'listed_count': 8152, 'favourites_count': 184, 'statuses_count': 201183, 'created_at': 'Thu Jan 24 03:18:59 +0000 2013', 'utc_offset': None, 'time_zone': None, 'geo_enabled': False, 'lang': None, 'contributors_enabled': False, 'is_translator': False, 'profile_background_color': '131516', 'profile_background_image_url': 'http://abs.twimg.com/images/themes/theme14/bg.gif', 'profile_background_image_url_https': 'https://abs.twimg.com/images/themes/theme14/bg.gif', 'profile_background_tile': True, 'profile_link_color': '009999', 'profile_sidebar_border_color': 'FFFFFF', 'profile_sidebar_fill_color': 'EFEFEF', 'profile_text_color': '333333', 'profile_use_background_image': True, 'profile_image_url': 'http://pbs.twimg.com/profile_images/1246467745975156738/hicJQmq0_normal.jpg', 'profile_image_url_https': 'https://pbs.twimg.com/profile_images/1246467745975156738/hicJQmq0_normal.jpg', 'profile_banner_url': 'https://pbs.twimg.com/profile_banners/1115874631/1586016045', 'default_profile': False, 'default_profile_image': False, 'following': None, 'follow_request_sent': None, 'notifications': None, 'withheld_in_countries': []}",,,,,,,,,False,2,7,11,38,"{'hashtags': [{'text': 'cartoon', 'indices': [0, 8]}, {'text': 'COVID19', 'indices': [61, 69]}], 'urls': [{'url': 'https://t.co/lVljLZGD3B', 'expanded_url': 'https://twitter.com/i/web/status/1377200038397370368', 'display_url': 'twitter.com/i/web/status/1…', 'indices': [117, 140]}], 'user_mentions': [{'screen_name': 'WHO', 'name': 'World Health Organization (WHO)', 'id': 14499829, 'id_str': '14499829', 'indices': [9, 13]}], 'symbols': []}",False,False,False,low,en,[{'tag': None}],"{'full_text': '#cartoon @WHO has released a report on the global tracing of #COVID19 origins which almost ruled out the introduction of the virus via a laboratory incident. China has long been scapegoated for virus origins. How? Check out the comic story to find out. https://t.co/0uWynPjIUa https://t.co/onP2rNKivE', 'display_text_range': [0, 276], 'entities': {'hashtags': [{'text': 'cartoon', 'indices': [0, 8]}, {'text': 'COVID19', 'indices': [61, 69]}], 'urls': [{'url': 'https://t.co/0uWynPjIUa', 'expanded_url': 'https://bit.ly/31BV4Yi', 'display_url': 'bit.ly/31BV4Yi', 'indices': [253, 276]}], 'user_mentions': [{'screen_name': 'WHO', 'name': 'World Health Organization (WHO)', 'id': 14499829, 'id_str': '14499829', 'indices': [9, 13]}], 'symbols': [], 'media': [{'id': 1377191218002554882, 'id_str': '1377191218002554882', 'indices': [277, 300], 'media_url': 'http://pbs.twimg.com/media/ExzEHbjUcAI1VC8.jpg', 'media_url_https': 'https://pbs.twimg.com/media/ExzEHbjUcAI1VC8.jpg', 'url': 'https://t.co/onP2rNKivE', 'display_url': 'pic.twitter.com/onP2rNKivE', 'expanded_url': 'https://twitter.com/CGTNOfficial/status/1377200038397370368/photo/1', 'type': 'photo', 'sizes': {'thumb': {'w': 150, 'h': 150, 'resize': 'crop'}, 'small': {'w': 680, 'h': 383, 'resize': 'fit'}, 'medium': {'w': 1200, 'h': 675, 'resize': 'fit'}, 'large': {'w': 2048, 'h': 1152, 'resize': 'fit'}}}]}, 'extended_entities': {'media': [{'id': 1377191218002554882, 'id_str': '1377191218002554882', 'indices': [277, 300], 'media_url': 'http://pbs.twimg.com/media/ExzEHbjUcAI1VC8.jpg', 'media_url_https': 'https://pbs.twimg.com/media/ExzEHbjUcAI1VC8.jpg', 'url': 'https://t.co/onP2rNKivE', 'display_url': 'pic.twitter.com/onP2rNKivE', 'expanded_url': 'https://twitter.com/CGTNOfficial/status/1377200038397370368/photo/1', 'type': 'photo', 'sizes': {'thumb': {'w': 150, 'h': 150, 'resize': 'crop'}, 'small': {'w': 680, 'h': 383, 'resize': 'fit'}, 'medium': {'w': 1200, 'h': 675, 'resize': 'fit'}, 'large': {'w': 2048, 'h': 1152, 'resize': 'fit'}}}]}}",,
Wed Mar 31 08:04:59 +0000 2021,1377170041263714306,1377170041263714306,"Minks and cats are highly susceptible to the novel #coronavirus, said Liang Wannian, the lead scientist of the @WHO… https://t.co/fi2D4Be6Cg","[0, 140]","<a href=""https://mobile.twitter.com"" rel=""nofollow"">Twitter Web App</a>",True,1.3771700352406282e+18,1.3771700352406282e+18,1115874631.0,1115874631.0,CGTNOfficial,"{'id': 1115874631, 'id_str': '1115874631', 'name': 'CGTN', 'screen_name': 'CGTNOfficial', 'location': 'Beijing, China', 'url': 'http://www.CGTN.com', 'description': 'CGTN is an international media organization. It aims to provide global audiences with accurate and timely news coverage as well as rich audiovisual services.', 'translator_type': 'none', 'protected': False, 'verified': True, 'followers_count': 13420336, 'friends_count': 74, 'listed_count': 8152, 'favourites_count': 184, 'statuses_count': 201183, 'created_at': 'Thu Jan 24 03:18:59 +0000 2013', 'utc_offset': None, 'time_zone': None, 'geo_enabled': False, 'lang': None, 'contributors_enabled': False, 'is_translator': False, 'profile_background_color': '131516', 'profile_background_image_url': 'http://abs.twimg.com/images/themes/theme14/bg.gif', 'profile_background_image_url_https': 'https://abs.twimg.com/images/themes/theme14/bg.gif', 'profile_background_tile': True, 'profile_link_color': '009999', 'profile_sidebar_border_color': 'FFFFFF', 'profile_sidebar_fill_color': 'EFEFEF', 'profile_text_color': '333333', 'profile_use_background_image': True, 'profile_image_url': 'http://pbs.twimg.com/profile_images/1246467745975156738/hicJQmq0_normal.jpg', 'profile_image_url_https': 'https://pbs.twimg.com/profile_images/1246467745975156738/hicJQmq0_normal.jpg', 'profile_banner_url': 'https://pbs.twimg.com/profile_banners/1115874631/1586016045', 'default_profile': False, 'default_profile_image': False, 'following': None, 'follow_request_sent': None, 'notifications': None, 'withheld_in_countries': []}",,,,,,,,,False,1,2,5,9,"{'hashtags': [{'text': 'coronavirus', 'indices': [51, 63]}], 'urls': [{'url': 'https://t.co/fi2D4Be6Cg', 'expanded_url': 'https://twitter.com/i/web/status/1377170041263714306', 'display_url': 'twitter.com/i/web/status/1…', 'indices': [117, 140]}], 'user_mentions': [{'screen_name': 'WHO', 'name': 'World Health Organization (WHO)', 'id': 14499829, 'id_str': '14499829', 'indices': [111, 115]}], 'symbols': []}",False,False,False,low,en,[{'tag': None}],"{'full_text': 'Minks and cats are highly susceptible to the novel #coronavirus, said Liang Wannian, the lead scientist of the @WHO-China joint team on Wednesday, adding that bats, pangolins, weasels, cats, and other species could be potential natural hosts. https://t.co/Geg2f53ZrA', 'display_text_range': [0, 242], 'entities': {'hashtags': [{'text': 'coronavirus', 'indices': [51, 63]}], 'urls': [], 'user_mentions': [{'screen_name': 'WHO', 'name': 'World Health Organization (WHO)', 'id': 14499829, 'id_str': '14499829', 'indices': [111, 115]}], 'symbols': [], 'media': [{'id': 1377163925909725186, 'id_str': '1377163925909725186', 'indices': [243, 266], 'media_url': 'http://pbs.twimg.com/media/ExyrS0lU4AIY2au.png', 'media_url_https': 'https://pbs.twimg.com/media/ExyrS0lU4AIY2au.png', 'url': 'https://t.co/Geg2f53ZrA', 'display_url': 'pic.twitter.com/Geg2f53ZrA', 'expanded_url': 'https://twitter.com/CGTNOfficial/status/1377170041263714306/photo/1', 'type': 'photo', 'sizes': {'small': {'w': 494, 'h': 250, 'resize': 'fit'}, 'medium': {'w': 494, 'h': 250, 'resize': 'fit'}, 'thumb': {'w': 150, 'h': 150, 'resize': 'crop'}, 'large': {'w': 494, 'h': 250, 'resize': 'fit'}}}]}, 'extended_entities': {'media': [{'id': 1377163925909725186, 'id_str': '1377163925909725186', 'indices': [243, 266], 'media_url': 'http://pbs.twimg.com/media/ExyrS0lU4AIY2au.png', 'media_url_https': 'https://pbs.twimg.com/media/ExyrS0lU4AIY2au.png', 'url': 'https://t.co/Geg2f53ZrA', 'display_url': 'pic.twitter.com/Geg2f53ZrA', 'expanded_url': 'https://twitter.com/CGTNOfficial/status/1377170041263714306/photo/1', 'type': 'photo', 'sizes': {'small': {'w': 494, 'h': 250, 'resize': 'fit'}, 'medium': {'w': 494, 'h': 250, 'resize': 'fit'}, 'thumb': {'w': 150, 'h': 150, 'resize': 'crop'}, 'large': {'w': 494, 'h': 250, 'resize': 'fit'}}}]}}",,
Tue Mar 30 18:48:51 +0000 2021,1376969687683203079,1376969687683203079,China believes that the joint research carried out by the World Health Organization (WHO) and China will play a pos… https://t.co/uF73APjoRG,,"<a href=""https://mobile.twitter.com"" rel=""nofollow"">Twitter Web App</a>",True,,,,,,"{'id': 1115874631, 'id_str': '1115874631', 'name': 'CGTN', 'screen_name': 'CGTNOfficial', 'location': 'Beijing, China', 'url': 'http://www.CGTN.com', 'description': 'CGTN is an international media organization. It aims to provide global audiences with accurate and timely news coverage as well as rich audiovisual services.', 'translator_type': 'none', 'protected': False, 'verified': True, 'followers_count': 13420336, 'friends_count': 74, 'listed_count': 8152, 'favourites_count': 184, 'statuses_count': 201183, 'created_at': 'Thu Jan 24 03:18:59 +0000 2013', 'utc_offset': None, 'time_zone': None, 'geo_enabled': False, 'lang': None, 'contributors_enabled': False, 'is_translator': False, 'profile_background_color': '131516', 'profile_background_image_url': 'http://abs.twimg.com/images/themes/theme14/bg.gif', 'profile_background_image_url_https': 'https://abs.twimg.com/images/themes/theme14/bg.gif', 'profile_background_tile': True, 'profile_link_color': '009999', 'profile_sidebar_border_color': 'FFFFFF', 'profile_sidebar_fill_color': 'EFEFEF', 'profile_text_color': '333333', 'profile_use_background_image': True, 'profile_image_url': 'http://pbs.twimg.com/profile_images/1246467745975156738/hicJQmq0_normal.jpg', 'profile_image_url_https': 'https://pbs.twimg.com/profile_images/1246467745975156738/hicJQmq0_normal.jpg', 'profile_banner_url': 'https://pbs.twimg.com/profile_banners/1115874631/1586016045', 'default_profile': False, 'default_profile_image': False, 'following': None, 'follow_request_sent': None, 'notifications': None, 'withheld_in_countries': []}",,,,,,,,,False,3,2,12,47,"{'hashtags': [], 'urls': [{'url': 'https://t.co/uF73APjoRG', 'expanded_url': 'https://twitter.com/i/web/status/1376969687683203079', 'display_url': 'twitter.com/i/web/status/1…', 'indices': [117, 140]}], 'user_mentions': [], 'symbols': []}",False,False,False,low,en,[{'tag': None}],"{'full_text': 'China believes that the joint research carried out by the World Health Organization (WHO) and China will play a positive role in promoting global cooperation in COVID-19 origin tracing, a Foreign Ministry spokesperson said Tuesday.\nhttps://t.co/9Q5xDVSIkd', 'display_text_range': [0, 255], 'entities': {'hashtags': [], 'urls': [{'url': 'https://t.co/9Q5xDVSIkd', 'expanded_url': 'https://africa.cgtn.com/2021/03/30/china-who-joint-research-to-boost-global-cooperation-in-covid-19-origin-tracing-spokesperson/?fbclid=IwAR2hdbqL1Q47oIsV73jWFQy86vuGi9NghGNLAc1oHynYJtFKooNvOljVfAI', 'display_url': 'africa.cgtn.com/2021/03/30/chi…', 'indices': [232, 255]}], 'user_mentions': [], 'symbols': []}}",,
Tue Mar 30 17:18:42 +0000 2021,1376947000697106437,1376947000697106437,"The U.S. and some of its allies have voiced concerns over the #WHO #COVID19 report on the origin of the virus, sayi… https://t.co/ShADjLgdAe",,"<a href=""https://about.twitter.com/products/tweetdeck"" rel=""nofollow"">TweetDeck</a>",True,,,,,,"{'id': 1115874631, 'id_str': '1115874631', 'name': 'CGTN', 'screen_name': 'CGTNOfficial', 'location': 'Beijing, China', 'url': 'http://www.CGTN.com', 'description': 'CGTN is an international media organization. It aims to provide global audiences with accurate and timely news coverage as well as rich audiovisual services.', 'translator_type': 'none', 'protected': False, 'verified': True, 'followers_count': 13420336, 'friends_count': 74, 'listed_count': 8152, 'favourites_count': 184, 'statuses_count': 201183, 'created_at': 'Thu Jan 24 03:18:59 +0000 2013', 'utc_offset': None, 'time_zone': None, 'geo_enabled': False, 'lang': None, 'contributors_enabled': False, 'is_translator': False, 'profile_background_color': '131516', 'profile_background_image_url': 'http://abs.twimg.com/images/themes/theme14/bg.gif', 'profile_background_image_url_https': 'https://abs.twimg.com/images/themes/theme14/bg.gif', 'profile_background_tile': True, 'profile_link_color': '009999', 'profile_sidebar_border_color': 'FFFFFF', 'profile_sidebar_fill_color': 'EFEFEF', 'profile_text_color': '333333', 'profile_use_background_image': True, 'profile_image_url': 'http://pbs.twimg.com/profile_images/1246467745975156738/hicJQmq0_normal.jpg', 'profile_image_url_https': 'https://pbs.twimg.com/profile_images/1246467745975156738/hicJQmq0_normal.jpg', 'profile_banner_url': 'https://pbs.twimg.com/profile_banners/1115874631/1586016045', 'default_profile': False, 'default_profile_image': False, 'following': None, 'follow_request_sent': None, 'notifications': None, 'withheld_in_countries': []}",,,,,,,,,False,1,2,17,68,"{'hashtags': [{'text': 'WHO', 'indices': [62, 66]}, {'text': 'COVID19', 'indices': [67, 75]}], 'urls': [{'url': 'https://t.co/ShADjLgdAe', 'expanded_url': 'https://twitter.com/i/web/status/1376947000697106437', 'display_url': 'twitter.com/i/web/status/1…', 'indices': [117, 140]}], 'user_mentions': [], 'symbols': []}",False,False,,low,en,[{'tag': None}],"{'full_text': 'The U.S. and some of its allies have voiced concerns over the #WHO #COVID19 report on the origin of the virus, saying they demand “full access” from China. China called on the U.S. to respect science and work responsibly within the WHO framework, and not politicize the pandemic.', 'display_text_range': [0, 279], 'entities': {'hashtags': [{'text': 'WHO', 'indices': [62, 66]}, {'text': 'COVID19', 'indices': [67, 75]}], 'urls': [], 'user_mentions': [], 'symbols': []}}",,
Tue Mar 30 16:32:51 +0000 2021,1376935465077587972,1376935465077587972,"World Health Organization (WHO) has on Tuesday called for further studies and data on the origin of coronavirus, an… https://t.co/5LXZV89cMB",,"<a href=""https://mobile.twitter.com"" rel=""nofollow"">Twitter Web App</a>",True,,,,,,"{'id': 1115874631, 'id_str': '1115874631', 'name': 'CGTN', 'screen_name': 'CGTNOfficial', 'location': 'Beijing, China', 'url': 'http://www.CGTN.com', 'description': 'CGTN is an international media organization. It aims to provide global audiences with accurate and timely news coverage as well as rich audiovisual services.', 'translator_type': 'none', 'protected': False, 'verified': True, 'followers_count': 13420336, 'friends_count': 74, 'listed_count': 8152, 'favourites_count': 184, 'statuses_count': 201183, 'created_at': 'Thu Jan 24 03:18:59 +0000 2013', 'utc_offset': None, 'time_zone': None, 'geo_enabled': False, 'lang': None, 'contributors_enabled': False, 'is_translator': False, 'profile_background_color': '131516', 'profile_background_image_url': 'http://abs.twimg.com/images/themes/theme14/bg.gif', 'profile_background_image_url_https': 'https://abs.twimg.com/images/themes/theme14/bg.gif', 'profile_background_tile': True, 'profile_link_color': '009999', 'profile_sidebar_border_color': 'FFFFFF', 'profile_sidebar_fill_color': 'EFEFEF', 'profile_text_color': '333333', 'profile_use_background_image': True, 'profile_image_url': 'http://pbs.twimg.com/profile_images/1246467745975156738/hicJQmq0_normal.jpg', 'profile_image_url_https': 'https://pbs.twimg.com/profile_images/1246467745975156738/hicJQmq0_normal.jpg', 'profile_banner_url': 'https://pbs.twimg.com/profile_banners/1115874631/1586016045', 'default_profile': False, 'default_profile_image': False, 'following': None, 'follow_request_sent': None, 'notifications': None, 'withheld_in_countries': []}",,,,,,,,,False,1,7,7,28,"{'hashtags': [], 'urls': [{'url': 'https://t.co/5LXZV89cMB', 'expanded_url': 'https://twitter.com/i/web/status/1376935465077587972', 'display_url': 'twitter.com/i/web/status/1…', 'indices': [117, 140]}], 'user_mentions': [], 'symbols': []}",False,False,False,low,en,[{'tag': None}],"{'full_text': 'World Health Organization (WHO) has on Tuesday called for further studies and data on the origin of coronavirus, and reiterated that all hypotheses remain open.\nhttps://t.co/eans3VnZhd', 'display_text_range': [0, 184], 'entities': {'hashtags': [], 'urls': [{'url': 'https://t.co/eans3VnZhd', 'expanded_url': 'https://africa.cgtn.com/2021/03/30/who-says-further-studies-on-origin-of-coronavirus-needed-adds-all-hypotheses-remain-open/', 'display_url': 'africa.cgtn.com/2021/03/30/who…', 'indices': [161, 184]}], 'user_mentions': [], 'symbols': []}}",,
Tue Mar 30 14:35:25 +0000 2021,1376905911575343111,1376905911575343111,WHO-convened global study: Virus introduction through an intermediate host is considered to be a likely to very lik… https://t.co/sKuz77S43Z,"[0, 140]","<a href=""https://mobile.twitter.com"" rel=""nofollow"">Twitter Web App</a>",True,1.3769019090558976e+18,1.3769019090558976e+18,1115874631.0,1115874631.0,CGTNOfficial,"{'id': 1115874631, 'id_str': '1115874631', 'name': 'CGTN', 'screen_name': 'CGTNOfficial', 'location': 'Beijing, China', 'url': 'http://www.CGTN.com', 'description': 'CGTN is an international media organization. It aims to provide global audiences with accurate and timely news coverage as well as rich audiovisual services.', 'translator_type': 'none', 'protected': False, 'verified': True, 'followers_count': 13420336, 'friends_count': 74, 'listed_count': 8152, 'favourites_count': 184, 'statuses_count': 201183, 'created_at': 'Thu Jan 24 03:18:59 +0000 2013', 'utc_offset': None, 'time_zone': None, 'geo_enabled': False, 'lang': None, 'contributors_enabled': False, 'is_translator': False, 'profile_background_color': '131516', 'profile_background_image_url': 'http://abs.twimg.com/images/themes/theme14/bg.gif', 'profile_background_image_url_https': 'https://abs.twimg.com/images/themes/theme14/bg.gif', 'profile_background_tile': True, 'profile_link_color': '009999', 'profile_sidebar_border_color': 'FFFFFF', 'profile_sidebar_fill_color': 'EFEFEF', 'profile_text_color': '333333', 'profile_use_background_image': True, 'profile_image_url': 'http://pbs.twimg.com/profile_images/1246467745975156738/hicJQmq0_normal.jpg', 'profile_image_url_https': 'https://pbs.twimg.com/profile_images/1246467745975156738/hicJQmq0_normal.jpg', 'profile_banner_url': 'https://pbs.twimg.com/profile_banners/1115874631/1586016045', 'default_profile': False, 'default_profile_image': False, 'following': None, 'follow_request_sent': None, 'notifications': None, 'withheld_in_countries': []}",,,,,,,,,False,5,16,18,41,"{'hashtags': [], 'urls': [{'url': 'https://t.co/sKuz77S43Z', 'expanded_url': 'https://twitter.com/i/web/status/1376905911575343111', 'display_url': 'twitter.com/i/web/status/1…', 'indices': [117, 140]}], 'user_mentions': [], 'symbols': []}",False,False,False,low,en,[{'tag': None}],"{'full_text': 'WHO-convened global study: Virus introduction through an intermediate host is considered to be a likely to very likely pathway #COVID19 https://t.co/zryEC9lN5D https://t.co/d22pGGo5lX', 'display_text_range': [0, 159], 'entities': {'hashtags': [{'text': 'COVID19', 'indices': [127, 135]}], 'urls': [{'url': 'https://t.co/zryEC9lN5D', 'expanded_url': 'https://bit.ly/3cAcmLZ', 'display_url': 'bit.ly/3cAcmLZ', 'indices': [136, 159]}], 'user_mentions': [], 'symbols': [], 'media': [{'id': 1376905028141674496, 'id_str': '1376905028141674496', 'indices': [160, 183], 'media_url': 'http://pbs.twimg.com/media/Exu_0_PVcAAP3EG.png', 'media_url_https': 'https://pbs.twimg.com/media/Exu_0_PVcAAP3EG.png', 'url': 'https://t.co/d22pGGo5lX', 'display_url': 'pic.twitter.com/d22pGGo5lX', 'expanded_url': 'https://twitter.com/CGTNOfficial/status/1376905911575343111/photo/1', 'type': 'photo', 'sizes': {'small': {'w': 450, 'h': 253, 'resize': 'fit'}, 'medium': {'w': 450, 'h': 253, 'resize': 'fit'}, 'large': {'w': 450, 'h': 253, 'resize': 'fit'}, 'thumb': {'w': 150, 'h': 150, 'resize': 'crop'}}}]}, 'extended_entities': {'media': [{'id': 1376905028141674496, 'id_str': '1376905028141674496', 'indices': [160, 183], 'media_url': 'http://pbs.twimg.com/media/Exu_0_PVcAAP3EG.png', 'media_url_https': 'https://pbs.twimg.com/media/Exu_0_PVcAAP3EG.png', 'url': 'https://t.co/d22pGGo5lX', 'display_url': 'pic.twitter.com/d22pGGo5lX', 'expanded_url': 'https://twitter.com/CGTNOfficial/status/1376905911575343111/photo/1', 'type': 'photo', 'sizes': {'small': {'w': 450, 'h': 253, 'resize': 'fit'}, 'medium': {'w': 450, 'h': 253, 'resize': 'fit'}, 'large': {'w': 450, 'h': 253, 'resize': 'fit'}, 'thumb': {'w': 150, 'h': 150, 'resize': 'crop'}}}]}}",,
Tue Mar 30 14:30:37 +0000 2021,1376904701661208578,1376904701661208578,"Cold/food chain products considered a ""possible pathway"" for coronavirus introduction, according to the @WHO-conven… https://t.co/ItxZ4KHJEv","[0, 140]","<a href=""https://mobile.twitter.com"" rel=""nofollow"">Twitter Web App</a>",True,1.3769038944841974e+18,1.3769038944841974e+18,1115874631.0,1115874631.0,CGTNOfficial,"{'id': 1115874631, 'id_str': '1115874631', 'name': 'CGTN', 'screen_name': 'CGTNOfficial', 'location': 'Beijing, China', 'url': 'http://www.CGTN.com', 'description': 'CGTN is an international media organization. It aims to provide global audiences with accurate and timely news coverage as well as rich audiovisual services.', 'translator_type': 'none', 'protected': False, 'verified': True, 'followers_count': 13420336, 'friends_count': 74, 'listed_count': 8152, 'favourites_count': 184, 'statuses_count': 201183, 'created_at': 'Thu Jan 24 03:18:59 +0000 2013', 'utc_offset': None, 'time_zone': None, 'geo_enabled': False, 'lang': None, 'contributors_enabled': False, 'is_translator': False, 'profile_background_color': '131516', 'profile_background_image_url': 'http://abs.twimg.com/images/themes/theme14/bg.gif', 'profile_background_image_url_https': 'https://abs.twimg.com/images/themes/theme14/bg.gif', 'profile_background_tile': True, 'profile_link_color': '009999', 'profile_sidebar_border_color': 'FFFFFF', 'profile_sidebar_fill_color': 'EFEFEF', 'profile_text_color': '333333', 'profile_use_background_image': True, 'profile_image_url': 'http://pbs.twimg.com/profile_images/1246467745975156738/hicJQmq0_normal.jpg', 'profile_image_url_https': 'https://pbs.twimg.com/profile_images/1246467745975156738/hicJQmq0_normal.jpg', 'profile_banner_url': 'https://pbs.twimg.com/profile_banners/1115874631/1586016045', 'default_profile': False, 'default_profile_image': False, 'following': None, 'follow_request_sent': None, 'notifications': None, 'withheld_in_countries': []}",,,,,,,,,False,2,0,5,13,"{'hashtags': [], 'urls': [{'url': 'https://t.co/ItxZ4KHJEv', 'expanded_url': 'https://twitter.com/i/web/status/1376904701661208578', 'display_url': 'twitter.com/i/web/status/1…', 'indices': [117, 140]}], 'user_mentions': [{'screen_name': 'WHO', 'name': 'World Health Organization (WHO)', 'id': 14499829, 'id_str': '14499829', 'indices': [104, 108]}], 'symbols': []}",False,False,False,low,en,[{'tag': None}],"{'full_text': 'Cold/food chain products considered a ""possible pathway"" for coronavirus introduction, according to the @WHO-convened global study of origins of COVID-19 https://t.co/HRhDShPmfJ', 'display_text_range': [0, 153], 'entities': {'hashtags': [], 'urls': [], 'user_mentions': [{'screen_name': 'WHO', 'name': 'World Health Organization (WHO)', 'id': 14499829, 'id_str': '14499829', 'indices': [104, 108]}], 'symbols': [], 'media': [{'id': 1376904075753652225, 'id_str': '1376904075753652225', 'indices': [154, 177], 'media_url': 'http://pbs.twimg.com/media/Exu-9jUVgAEt3g-.png', 'media_url_https': 'https://pbs.twimg.com/media/Exu-9jUVgAEt3g-.png', 'url': 'https://t.co/HRhDShPmfJ', 'display_url': 'pic.twitter.com/HRhDShPmfJ', 'expanded_url': 'https://twitter.com/CGTNOfficial/status/1376904701661208578/photo/1', 'type': 'photo', 'sizes': {'small': {'w': 268, 'h': 178, 'resize': 'fit'}, 'large': {'w': 268, 'h': 178, 'resize': 'fit'}, 'thumb': {'w': 150, 'h': 150, 'resize': 'crop'}, 'medium': {'w': 268, 'h': 178, 'resize': 'fit'}}}]}, 'extended_entities': {'media': [{'id': 1376904075753652225, 'id_str': '1376904075753652225', 'indices': [154, 177], 'media_url': 'http://pbs.twimg.com/media/Exu-9jUVgAEt3g-.png', 'media_url_https': 'https://pbs.twimg.com/media/Exu-9jUVgAEt3g-.png', 'url': 'https://t.co/HRhDShPmfJ', 'display_url': 'pic.twitter.com/HRhDShPmfJ', 'expanded_url': 'https://twitter.com/CGTNOfficial/status/1376904701661208578/photo/1', 'type': 'photo', 'sizes': {'small': {'w': 268, 'h': 178, 'resize': 'fit'}, 'large': {'w': 268, 'h': 178, 'resize': 'fit'}, 'thumb': {'w': 150, 'h': 150, 'resize': 'crop'}, 'medium': {'w': 268, 'h': 178, 'resize': 'fit'}}}]}}",,
Tue Mar 30 14:27:24 +0000 2021,1376903894484197377,1376903894484197377,".@WHO highlights importance to investigate ""potential early events"" of COVID-19 cases reported in different countri… https://t.co/tUp2PRXZ9V","[0, 140]","<a href=""https://mobile.twitter.com"" rel=""nofollow"">Twitter Web App</a>",True,1.3769019090558976e+18,1.3769019090558976e+18,1115874631.0,1115874631.0,CGTNOfficial,"{'id': 1115874631, 'id_str': '1115874631', 'name': 'CGTN', 'screen_name': 'CGTNOfficial', 'location': 'Beijing, China', 'url': 'http://www.CGTN.com', 'description': 'CGTN is an international media organization. It aims to provide global audiences with accurate and timely news coverage as well as rich audiovisual services.', 'translator_type': 'none', 'protected': False, 'verified': True, 'followers_count': 13420336, 'friends_count': 74, 'listed_count': 8152, 'favourites_count': 184, 'statuses_count': 201183, 'created_at': 'Thu Jan 24 03:18:59 +0000 2013', 'utc_offset': None, 'time_zone': None, 'geo_enabled': False, 'lang': None, 'contributors_enabled': False, 'is_translator': False, 'profile_background_color': '131516', 'profile_background_image_url': 'http://abs.twimg.com/images/themes/theme14/bg.gif', 'profile_background_image_url_https': 'https://abs.twimg.com/images/themes/theme14/bg.gif', 'profile_background_tile': True, 'profile_link_color': '009999', 'profile_sidebar_border_color': 'FFFFFF', 'profile_sidebar_fill_color': 'EFEFEF', 'profile_text_color': '333333', 'profile_use_background_image': True, 'profile_image_url': 'http://pbs.twimg.com/profile_images/1246467745975156738/hicJQmq0_normal.jpg', 'profile_image_url_https': 'https://pbs.twimg.com/profile_images/1246467745975156738/hicJQmq0_normal.jpg', 'profile_banner_url': 'https://pbs.twimg.com/profile_banners/1115874631/1586016045', 'default_profile': False, 'default_profile_image': False, 'following': None, 'follow_request_sent': None, 'notifications': None, 'withheld_in_countries': []}",,,,,,,,,False,1,3,11,34,"{'hashtags': [], 'urls': [{'url': 'https://t.co/tUp2PRXZ9V', 'expanded_url': 'https://twitter.com/i/web/status/1376903894484197377', 'display_url': 'twitter.com/i/web/status/1…', 'indices': [117, 140]}], 'user_mentions': [{'screen_name': 'WHO', 'name': 'World Health Organization (WHO)', 'id': 14499829, 'id_str': '14499829', 'indices': [1, 5]}], 'symbols': []}",False,False,False,low,en,[{'tag': None}],"{'full_text': '.@WHO highlights importance to investigate ""potential early events"" of COVID-19 cases reported in different countries https://t.co/TeXHJWr4oO', 'display_text_range': [0, 117], 'entities': {'hashtags': [], 'urls': [], 'user_mentions': [{'screen_name': 'WHO', 'name': 'World Health Organization (WHO)', 'id': 14499829, 'id_str': '14499829', 'indices': [1, 5]}], 'symbols': [], 'media': [{'id': 1376903390064635904, 'id_str': '1376903390064635904', 'indices': [118, 141], 'media_url': 'http://pbs.twimg.com/media/Exu-Vo7VcAAymf0.png', 'media_url_https': 'https://pbs.twimg.com/media/Exu-Vo7VcAAymf0.png', 'url': 'https://t.co/TeXHJWr4oO', 'display_url': 'pic.twitter.com/TeXHJWr4oO', 'expanded_url': 'https://twitter.com/CGTNOfficial/status/1376903894484197377/photo/1', 'type': 'photo', 'sizes': {'medium': {'w': 292, 'h': 195, 'resize': 'fit'}, 'large': {'w': 292, 'h': 195, 'resize': 'fit'}, 'small': {'w': 292, 'h': 195, 'resize': 'fit'}, 'thumb': {'w': 150, 'h': 150, 'resize': 'crop'}}}]}, 'extended_entities': {'media': [{'id': 1376903390064635904, 'id_str': '1376903390064635904', 'indices': [118, 141], 'media_url': 'http://pbs.twimg.com/media/Exu-Vo7VcAAymf0.png', 'media_url_https': 'https://pbs.twimg.com/media/Exu-Vo7VcAAymf0.png', 'url': 'https://t.co/TeXHJWr4oO', 'display_url': 'pic.twitter.com/TeXHJWr4oO', 'expanded_url': 'https://twitter.com/CGTNOfficial/status/1376903894484197377/photo/1', 'type': 'photo', 'sizes': {'medium': {'w': 292, 'h': 195, 'resize': 'fit'}, 'large': {'w': 292, 'h': 195, 'resize': 'fit'}, 'small': {'w': 292, 'h': 195, 'resize': 'fit'}, 'thumb': {'w': 150, 'h': 150, 'resize': 'crop'}}}]}}",,
Tue Mar 30 09:12:21 +0000 2021,1376824609031417856,1376824609031417856,"The key points of the #PandemicTreaty include ensuring timely and equitable access to pandemic countermeasures, inc… https://t.co/EsiazWapTU","[0, 140]","<a href=""https://mobile.twitter.com"" rel=""nofollow"">Twitter Web App</a>",True,,,,,,"{'id': 1115874631, 'id_str': '1115874631', 'name': 'CGTN', 'screen_name': 'CGTNOfficial', 'location': 'Beijing, China', 'url': 'http://www.CGTN.com', 'description': 'CGTN is an international media organization. It aims to provide global audiences with accurate and timely news coverage as well as rich audiovisual services.', 'translator_type': 'none', 'protected': False, 'verified': True, 'followers_count': 13420336, 'friends_count': 74, 'listed_count': 8152, 'favourites_count': 184, 'statuses_count': 201183, 'created_at': 'Thu Jan 24 03:18:59 +0000 2013', 'utc_offset': None, 'time_zone': None, 'geo_enabled': False, 'lang': None, 'contributors_enabled': False, 'is_translator': False, 'profile_background_color': '131516', 'profile_background_image_url': 'http://abs.twimg.com/images/themes/theme14/bg.gif', 'profile_background_image_url_https': 'https://abs.twimg.com/images/themes/theme14/bg.gif', 'profile_background_tile': True, 'profile_link_color': '009999', 'profile_sidebar_border_color': 'FFFFFF', 'profile_sidebar_fill_color': 'EFEFEF', 'profile_text_color': '333333', 'profile_use_background_image': True, 'profile_image_url': 'http://pbs.twimg.com/profile_images/1246467745975156738/hicJQmq0_normal.jpg', 'profile_image_url_https': 'https://pbs.twimg.com/profile_images/1246467745975156738/hicJQmq0_normal.jpg', 'profile_banner_url': 'https://pbs.twimg.com/profile_banners/1115874631/1586016045', 'default_profile': False, 'default_profile_image': False, 'following': None, 'follow_request_sent': None, 'notifications': None, 'withheld_in_countries': []}",,,,,,,,,False,0,1,4,26,"{'hashtags': [{'text': 'PandemicTreaty', 'indices': [22, 37]}], 'urls': [{'url': 'https://t.co/EsiazWapTU', 'expanded_url': 'https://twitter.com/i/web/status/1376824609031417856', 'display_url': 'twitter.com/i/web/status/1…', 'indices': [117, 140]}], 'user_mentions': [], 'symbols': []}",False,False,False,low,en,[{'tag': None}],"{'full_text': 'The key points of the #PandemicTreaty include ensuring timely and equitable access to pandemic countermeasures, including vaccines, and build mutual trust and resilience to pandemics, said WHO chief Tedros on Tuesday. https://t.co/bgUdA5plmy', 'display_text_range': [0, 217], 'entities': {'hashtags': [{'text': 'PandemicTreaty', 'indices': [22, 37]}], 'urls': [], 'user_mentions': [], 'symbols': [], 'media': [{'id': 1376821039607373827, 'id_str': '1376821039607373827', 'indices': [218, 241], 'media_url': 'http://pbs.twimg.com/media/ExtzcNkU4AMa5qU.jpg', 'media_url_https': 'https://pbs.twimg.com/media/ExtzcNkU4AMa5qU.jpg', 'url': 'https://t.co/bgUdA5plmy', 'display_url': 'pic.twitter.com/bgUdA5plmy', 'expanded_url': 'https://twitter.com/CGTNOfficial/status/1376824609031417856/photo/1', 'type': 'photo', 'sizes': {'medium': {'w': 800, 'h': 534, 'resize': 'fit'}, 'small': {'w': 680, 'h': 454, 'resize': 'fit'}, 'thumb': {'w': 150, 'h': 150, 'resize': 'crop'}, 'large': {'w': 800, 'h': 534, 'resize': 'fit'}}}]}, 'extended_entities': {'media': [{'id': 1376821039607373827, 'id_str': '1376821039607373827', 'indices': [218, 241], 'media_url': 'http://pbs.twimg.com/media/ExtzcNkU4AMa5qU.jpg', 'media_url_https': 'https://pbs.twimg.com/media/ExtzcNkU4AMa5qU.jpg', 'url': 'https://t.co/bgUdA5plmy', 'display_url': 'pic.twitter.com/bgUdA5plmy', 'expanded_url': 'https://twitter.com/CGTNOfficial/status/1376824609031417856/photo/1', 'type': 'photo', 'sizes': {'medium': {'w': 800, 'h': 534, 'resize': 'fit'}, 'small': {'w': 680, 'h': 454, 'resize': 'fit'}, 'thumb': {'w': 150, 'h': 150, 'resize': 'crop'}, 'large': {'w': 800, 'h': 534, 'resize': 'fit'}}}]}}",,
Sun Mar 28 15:15:00 +0000 2021,1376191095684669444,1376191095684669444,"Peter Daszak, member of the @WHO team in Wuhan, repeated there was no evidence to support conspiracy theories about… https://t.co/KjctOUwmrs","[0, 140]","<a href=""https://about.twitter.com/products/tweetdeck"" rel=""nofollow"">TweetDeck</a>",True,,,,,,"{'id': 1115874631, 'id_str': '1115874631', 'name': 'CGTN', 'screen_name': 'CGTNOfficial', 'location': 'Beijing, China', 'url': 'http://www.CGTN.com', 'description': 'CGTN is an international media organization. It aims to provide global audiences with accurate and timely news coverage as well as rich audiovisual services.', 'translator_type': 'none', 'protected': False, 'verified': True, 'followers_count': 13420336, 'friends_count': 74, 'listed_count': 8152, 'favourites_count': 184, 'statuses_count': 201183, 'created_at': 'Thu Jan 24 03:18:59 +0000 2013', 'utc_offset': None, 'time_zone': None, 'geo_enabled': False, 'lang': None, 'contributors_enabled': False, 'is_translator': False, 'profile_background_color': '131516', 'profile_background_image_url': 'http://abs.twimg.com/images/themes/theme14/bg.gif', 'profile_background_image_url_https': 'https://abs.twimg.com/images/themes/theme14/bg.gif', 'profile_background_tile': True, 'profile_link_color': '009999', 'profile_sidebar_border_color': 'FFFFFF', 'profile_sidebar_fill_color': 'EFEFEF', 'profile_text_color': '333333', 'profile_use_background_image': True, 'profile_image_url': 'http://pbs.twimg.com/profile_images/1246467745975156738/hicJQmq0_normal.jpg', 'profile_image_url_https': 'https://pbs.twimg.com/profile_images/1246467745975156738/hicJQmq0_normal.jpg', 'profile_banner_url': 'https://pbs.twimg.com/profile_banners/1115874631/1586016045', 'default_profile': False, 'default_profile_image': False, 'following': None, 'follow_request_sent': None, 'notifications': None, 'withheld_in_countries': []}",,,,,,,,,False,1,9,13,56,"{'hashtags': [], 'urls': [{'url': 'https://t.co/KjctOUwmrs', 'expanded_url': 'https://twitter.com/i/web/status/1376191095684669444', 'display_url': 'twitter.com/i/web/status/1…', 'indices': [117, 140]}], 'user_mentions': [{'screen_name': 'WHO', 'name': 'World Health Organization (WHO)', 'id': 14499829, 'id_str': '14499829', 'indices': [28, 32]}], 'symbols': []}",False,False,False,low,en,[{'tag': None}],"{'full_text': 'Peter Daszak, member of the @WHO team in Wuhan, repeated there was no evidence to support conspiracy theories about the coronavirus coming from a Wuhan lab. https://t.co/q9zPFpHMnG', 'display_text_range': [0, 156], 'entities': {'hashtags': [], 'urls': [], 'user_mentions': [{'screen_name': 'WHO', 'name': 'World Health Organization (WHO)', 'id': 14499829, 'id_str': '14499829', 'indices': [28, 32]}], 'symbols': [], 'media': [{'id': 1376186295878180865, 'id_str': '1376186295878180865', 'indices': [157, 180], 'media_url': 'http://pbs.twimg.com/media/ExkyJQ6UYAEFqGH.png', 'media_url_https': 'https://pbs.twimg.com/media/ExkyJQ6UYAEFqGH.png', 'url': 'https://t.co/q9zPFpHMnG', 'display_url': 'pic.twitter.com/q9zPFpHMnG', 'expanded_url': 'https://twitter.com/CGTNOfficial/status/1376191095684669444/photo/1', 'type': 'photo', 'sizes': {'large': {'w': 569, 'h': 299, 'resize': 'fit'}, 'small': {'w': 569, 'h': 299, 'resize': 'fit'}, 'thumb': {'w': 150, 'h': 150, 'resize': 'crop'}, 'medium': {'w': 569, 'h': 299, 'resize': 'fit'}}}]}, 'extended_entities': {'media': [{'id': 1376186295878180865, 'id_str': '1376186295878180865', 'indices': [157, 180], 'media_url': 'http://pbs.twimg.com/media/ExkyJQ6UYAEFqGH.png', 'media_url_https': 'https://pbs.twimg.com/media/ExkyJQ6UYAEFqGH.png', 'url': 'https://t.co/q9zPFpHMnG', 'display_url': 'pic.twitter.com/q9zPFpHMnG', 'expanded_url': 'https://twitter.com/CGTNOfficial/status/1376191095684669444/photo/1', 'type': 'photo', 'sizes': {'large': {'w': 569, 'h': 299, 'resize': 'fit'}, 'small': {'w': 569, 'h': 299, 'resize': 'fit'}, 'thumb': {'w': 150, 'h': 150, 'resize': 'crop'}, 'medium': {'w': 569, 'h': 299, 'resize': 'fit'}}}]}}",,
Fri Mar 26 19:49:08 +0000 2021,1375535308637360132,1375535308637360132,"An international team of WHO experts visited Wuhan, the city where the infections were first reported in late 2019,… https://t.co/Q286RHp0LG",,"<a href=""https://about.twitter.com/products/tweetdeck"" rel=""nofollow"">TweetDeck</a>",True,1.3755352482729492e+18,1.3755352482729492e+18,1115874631.0,1115874631.0,CGTNOfficial,"{'id': 1115874631, 'id_str': '1115874631', 'name': 'CGTN', 'screen_name': 'CGTNOfficial', 'location': 'Beijing, China', 'url': 'http://www.CGTN.com', 'description': 'CGTN is an international media organization. It aims to provide global audiences with accurate and timely news coverage as well as rich audiovisual services.', 'translator_type': 'none', 'protected': False, 'verified': True, 'followers_count': 13420336, 'friends_count': 74, 'listed_count': 8152, 'favourites_count': 184, 'statuses_count': 201183, 'created_at': 'Thu Jan 24 03:18:59 +0000 2013', 'utc_offset': None, 'time_zone': None, 'geo_enabled': False, 'lang': None, 'contributors_enabled': False, 'is_translator': False, 'profile_background_color': '131516', 'profile_background_image_url': 'http://abs.twimg.com/images/themes/theme14/bg.gif', 'profile_background_image_url_https': 'https://abs.twimg.com/images/themes/theme14/bg.gif', 'profile_background_tile': True, 'profile_link_color': '009999', 'profile_sidebar_border_color': 'FFFFFF', 'profile_sidebar_fill_color': 'EFEFEF', 'profile_text_color': '333333', 'profile_use_background_image': True, 'profile_image_url': 'http://pbs.twimg.com/profile_images/1246467745975156738/hicJQmq0_normal.jpg', 'profile_image_url_https': 'https://pbs.twimg.com/profile_images/1246467745975156738/hicJQmq0_normal.jpg', 'profile_banner_url': 'https://pbs.twimg.com/profile_banners/1115874631/1586016045', 'default_profile': False, 'default_profile_image': False, 'following': None, 'follow_request_sent': None, 'notifications': None, 'withheld_in_countries': []}",,,,,,,,,False,0,1,5,19,"{'hashtags': [], 'urls': [{'url': 'https://t.co/Q286RHp0LG', 'expanded_url': 'https://twitter.com/i/web/status/1375535308637360132', 'display_url': 'twitter.com/i/web/status/1…', 'indices': [117, 140]}], 'user_mentions': [], 'symbols': []}",False,False,,low,en,[{'tag': None}],"{'full_text': 'An international team of WHO experts visited Wuhan, the city where the infections were first reported in late 2019, at the beginning of 2021.', 'display_text_range': [0, 141], 'entities': {'hashtags': [], 'urls': [], 'user_mentions': [], 'symbols': []}}",,
Wed Mar 24 22:57:05 +0000 2021,1374857831791403011,1374857831791403011,"The number of new infections fell around the world for six consecutive weeks in January and February, but public he… https://t.co/6h4dGbT0Cf",,"<a href=""https://mobile.twitter.com"" rel=""nofollow"">Twitter Web App</a>",True,1.3748577771227955e+18,1.3748577771227955e+18,1115874631.0,1115874631.0,CGTNOfficial,"{'id': 1115874631, 'id_str': '1115874631', 'name': 'CGTN', 'screen_name': 'CGTNOfficial', 'location': 'Beijing, China', 'url': 'http://www.CGTN.com', 'description': 'CGTN is an international media organization. It aims to provide global audiences with accurate and timely news coverage as well as rich audiovisual services.', 'translator_type': 'none', 'protected': False, 'verified': True, 'followers_count': 13420336, 'friends_count': 74, 'listed_count': 8152, 'favourites_count': 184, 'statuses_count': 201183, 'created_at': 'Thu Jan 24 03:18:59 +0000 2013', 'utc_offset': None, 'time_zone': None, 'geo_enabled': False, 'lang': None, 'contributors_enabled': False, 'is_translator': False, 'profile_background_color': '131516', 'profile_background_image_url': 'http://abs.twimg.com/images/themes/theme14/bg.gif', 'profile_background_image_url_https': 'https://abs.twimg.com/images/themes/theme14/bg.gif', 'profile_background_tile': True, 'profile_link_color': '009999', 'profile_sidebar_border_color': 'FFFFFF', 'profile_sidebar_fill_color': 'EFEFEF', 'profile_text_color': '333333', 'profile_use_background_image': True, 'profile_image_url': 'http://pbs.twimg.com/profile_images/1246467745975156738/hicJQmq0_normal.jpg', 'profile_image_url_https': 'https://pbs.twimg.com/profile_images/1246467745975156738/hicJQmq0_normal.jpg', 'profile_banner_url': 'https://pbs.twimg.com/profile_banners/1115874631/1586016045', 'default_profile': False, 'default_profile_image': False, 'following': None, 'follow_request_sent': None, 'notifications': None, 'withheld_in_countries': []}",,,,,,,,,False,1,1,1,2,"{'hashtags': [], 'urls': [{'url': 'https://t.co/6h4dGbT0Cf', 'expanded_url': 'https://twitter.com/i/web/status/1374857831791403011', 'display_url': 'twitter.com/i/web/status/1…', 'indices': [117, 140]}], 'user_mentions': [], 'symbols': []}",False,False,,low,en,[{'tag': None}],"{'full_text': 'The number of new infections fell around the world for six consecutive weeks in January and February, but public health experts from the WHO warn that the number is rising over the past week due to a combination of new COVID variants spreading and ease of restrictions.', 'display_text_range': [0, 269], 'entities': {'hashtags': [], 'urls': [], 'user_mentions': [], 'symbols': []}}",,
