created_at,id,id_str,text,source,truncated,in_reply_to_status_id,in_reply_to_status_id_str,in_reply_to_user_id,in_reply_to_user_id_str,in_reply_to_screen_name,user,geo,coordinates,place,contributors,retweeted_status,is_quote_status,quote_count,reply_count,retweet_count,favorite_count,entities,favorited,retweeted,filter_level,lang,matching_rules,possibly_sensitive,extended_tweet,display_text_range,account,period
Sat Feb 15 15:17:59 +0000 2020,1228699985413361664,1228699985413361664,"RT @APHealthScience: After a big change in how coronavirus infections were counted this week, there are now more than 66,000 cases, almost…","<a href=""http://www.socialflow.com"" rel=""nofollow"">SocialFlow</a>",False,,,,,,"{'id': 51241574, 'id_str': '51241574', 'name': 'The Associated Press', 'screen_name': 'AP', 'location': 'Global', 'url': 'https://apnews.com/', 'description': 'News from The Associated Press, and a taste of the great journalism produced by AP members and customers.', 'translator_type': 'none', 'protected': False, 'verified': True, 'followers_count': 15393579, 'friends_count': 6843, 'listed_count': 101973, 'favourites_count': 3675, 'statuses_count': 305428, 'created_at': 'Fri Jun 26 21:48:52 +0000 2009', 'utc_offset': None, 'time_zone': None, 'geo_enabled': False, 'lang': None, 'contributors_enabled': False, 'is_translator': False, 'profile_background_color': '333333', 'profile_background_image_url': 'http://abs.twimg.com/images/themes/theme1/bg.png', 'profile_background_image_url_https': 'https://abs.twimg.com/images/themes/theme1/bg.png', 'profile_background_tile': False, 'profile_link_color': 'CC3300', 'profile_sidebar_border_color': 'FFFFFF', 'profile_sidebar_fill_color': 'CCCCCC', 'profile_text_color': '333333', 'profile_use_background_image': True, 'profile_image_url': 'http://pbs.twimg.com/profile_images/461964160838803457/8z9FImcv_normal.png', 'profile_image_url_https': 'https://pbs.twimg.com/profile_images/461964160838803457/8z9FImcv_normal.png', 'profile_banner_url': 'https://pbs.twimg.com/profile_banners/51241574/1638483576', 'default_profile': False, 'default_profile_image': False, 'following': None, 'follow_request_sent': None, 'notifications': None, 'withheld_in_countries': []}",,,,,"{'created_at': 'Sat Feb 15 15:17:11 +0000 2020', 'id': 1228699783734448129, 'id_str': '1228699783734448129', 'text': 'After a big change in how coronavirus infections were counted this week, there are now more than 66,000 cases, almo… https://t.co/cOvy4BKyJb', 'source': '<a href=""http://www.socialflow.com"" rel=""nofollow"">SocialFlow</a>', 'truncated': True, 'in_reply_to_status_id': None, 'in_reply_to_status_id_str': None, 'in_reply_to_user_id': None, 'in_reply_to_user_id_str': None, 'in_reply_to_screen_name': None, 'user': {'id': 831567731820527618, 'id_str': '831567731820527618', 'name': 'AP Health & Science', 'screen_name': 'APHealthScience', 'location': 'Global ', 'url': 'https://www.facebook.com/APHealthScience/', 'description': 'Your dose of health, science and environment news by @AP journalists. Public health, medicine, biology, health insurance, climate, space.', 'translator_type': 'none', 'protected': False, 'verified': True, 'followers_count': 15445, 'friends_count': 210, 'listed_count': 497, 'favourites_count': 0, 'statuses_count': 4937, 'created_at': 'Tue Feb 14 18:16:11 +0000 2017', 'utc_offset': None, 'time_zone': None, 'geo_enabled': False, 'lang': None, 'contributors_enabled': False, 'is_translator': False, 'profile_background_color': 'F5F8FA', 'profile_background_image_url': '', 'profile_background_image_url_https': '', 'profile_background_tile': False, 'profile_link_color': '1DA1F2', 'profile_sidebar_border_color': 'C0DEED', 'profile_sidebar_fill_color': 'DDEEF6', 'profile_text_color': '333333', 'profile_use_background_image': True, 'profile_image_url': 'http://pbs.twimg.com/profile_images/831576258819534850/UifuiJV5_normal.jpg', 'profile_image_url_https': 'https://pbs.twimg.com/profile_images/831576258819534850/UifuiJV5_normal.jpg', 'profile_banner_url': 'https://pbs.twimg.com/profile_banners/831567731820527618/1487098711', 'default_profile': True, 'default_profile_image': False, 'following': None, 'follow_request_sent': None, 'notifications': None, 'withheld_in_countries': []}, 'geo': None, 'coordinates': None, 'place': None, 'contributors': None, 'is_quote_status': False, 'extended_tweet': {'full_text': ""After a big change in how coronavirus infections were counted this week, there are now more than 66,000 cases, almost all in China. What does that mean? AP Medical Writer Lauran Neergaard sums up what we know, and what we don't. https://t.co/K4NMaapKpr"", 'display_text_range': [0, 252], 'entities': {'hashtags': [], 'urls': [{'url': 'https://t.co/K4NMaapKpr', 'expanded_url': 'http://apne.ws/o0QlqIR', 'display_url': 'apne.ws/o0QlqIR', 'indices': [229, 252]}], 'user_mentions': [], 'symbols': []}}, 'quote_count': 4, 'reply_count': 7, 'retweet_count': 44, 'favorite_count': 43, 'entities': {'hashtags': [], 'urls': [{'url': 'https://t.co/cOvy4BKyJb', 'expanded_url': 'https://twitter.com/i/web/status/1228699783734448129', 'display_url': 'twitter.com/i/web/status/1…', 'indices': [117, 140]}], 'user_mentions': [], 'symbols': []}, 'favorited': False, 'retweeted': False, 'possibly_sensitive': False, 'filter_level': 'low', 'lang': 'en'}",False,0,0,0,0,"{'hashtags': [], 'urls': [], 'user_mentions': [{'screen_name': 'APHealthScience', 'name': 'AP Health & Science', 'id': 831567731820527618, 'id_str': '831567731820527618', 'indices': [3, 19]}], 'symbols': []}",False,False,low,en,[{'tag': None}],,,,AP,JanFeb2020
Sat Feb 15 10:57:36 +0000 2020,1228634456656838656,1228634456656838656,BREAKING: French health minister announces first death of a coronavirus patient in Europe. https://t.co/UKFp9uSz9H,"<a href=""http://www.socialflow.com"" rel=""nofollow"">SocialFlow</a>",False,,,,,,"{'id': 51241574, 'id_str': '51241574', 'name': 'The Associated Press', 'screen_name': 'AP', 'location': 'Global', 'url': 'https://apnews.com/', 'description': 'News from The Associated Press, and a taste of the great journalism produced by AP members and customers.', 'translator_type': 'none', 'protected': False, 'verified': True, 'followers_count': 15393579, 'friends_count': 6843, 'listed_count': 101973, 'favourites_count': 3675, 'statuses_count': 305428, 'created_at': 'Fri Jun 26 21:48:52 +0000 2009', 'utc_offset': None, 'time_zone': None, 'geo_enabled': False, 'lang': None, 'contributors_enabled': False, 'is_translator': False, 'profile_background_color': '333333', 'profile_background_image_url': 'http://abs.twimg.com/images/themes/theme1/bg.png', 'profile_background_image_url_https': 'https://abs.twimg.com/images/themes/theme1/bg.png', 'profile_background_tile': False, 'profile_link_color': 'CC3300', 'profile_sidebar_border_color': 'FFFFFF', 'profile_sidebar_fill_color': 'CCCCCC', 'profile_text_color': '333333', 'profile_use_background_image': True, 'profile_image_url': 'http://pbs.twimg.com/profile_images/461964160838803457/8z9FImcv_normal.png', 'profile_image_url_https': 'https://pbs.twimg.com/profile_images/461964160838803457/8z9FImcv_normal.png', 'profile_banner_url': 'https://pbs.twimg.com/profile_banners/51241574/1638483576', 'default_profile': False, 'default_profile_image': False, 'following': None, 'follow_request_sent': None, 'notifications': None, 'withheld_in_countries': []}",,,,,,False,30,18,270,250,"{'hashtags': [], 'urls': [{'url': 'https://t.co/UKFp9uSz9H', 'expanded_url': 'http://apne.ws/FWwAoAK', 'display_url': 'apne.ws/FWwAoAK', 'indices': [91, 114]}], 'user_mentions': [], 'symbols': []}",False,False,low,en,[{'tag': None}],False,,,AP,JanFeb2020
Thu Feb 13 15:59:46 +0000 2020,1227985726861692928,1227985726861692928,RT @APHealthScience: A person who was flown from China to a Texas military base has the new coronavirus. It’s the 15th confirmed case in th…,"<a href=""http://www.socialflow.com"" rel=""nofollow"">SocialFlow</a>",False,,,,,,"{'id': 51241574, 'id_str': '51241574', 'name': 'The Associated Press', 'screen_name': 'AP', 'location': 'Global', 'url': 'https://apnews.com/', 'description': 'News from The Associated Press, and a taste of the great journalism produced by AP members and customers.', 'translator_type': 'none', 'protected': False, 'verified': True, 'followers_count': 15393579, 'friends_count': 6843, 'listed_count': 101973, 'favourites_count': 3675, 'statuses_count': 305428, 'created_at': 'Fri Jun 26 21:48:52 +0000 2009', 'utc_offset': None, 'time_zone': None, 'geo_enabled': False, 'lang': None, 'contributors_enabled': False, 'is_translator': False, 'profile_background_color': '333333', 'profile_background_image_url': 'http://abs.twimg.com/images/themes/theme1/bg.png', 'profile_background_image_url_https': 'https://abs.twimg.com/images/themes/theme1/bg.png', 'profile_background_tile': False, 'profile_link_color': 'CC3300', 'profile_sidebar_border_color': 'FFFFFF', 'profile_sidebar_fill_color': 'CCCCCC', 'profile_text_color': '333333', 'profile_use_background_image': True, 'profile_image_url': 'http://pbs.twimg.com/profile_images/461964160838803457/8z9FImcv_normal.png', 'profile_image_url_https': 'https://pbs.twimg.com/profile_images/461964160838803457/8z9FImcv_normal.png', 'profile_banner_url': 'https://pbs.twimg.com/profile_banners/51241574/1638483576', 'default_profile': False, 'default_profile_image': False, 'following': None, 'follow_request_sent': None, 'notifications': None, 'withheld_in_countries': []}",,,,,"{'created_at': 'Thu Feb 13 15:47:51 +0000 2020', 'id': 1227982724616552448, 'id_str': '1227982724616552448', 'text': 'A person who was flown from China to a Texas military base has the new coronavirus. It’s the 15th confirmed case in… https://t.co/phCnBzeX6I', 'source': '<a href=""http://www.socialflow.com"" rel=""nofollow"">SocialFlow</a>', 'truncated': True, 'in_reply_to_status_id': None, 'in_reply_to_status_id_str': None, 'in_reply_to_user_id': None, 'in_reply_to_user_id_str': None, 'in_reply_to_screen_name': None, 'user': {'id': 831567731820527618, 'id_str': '831567731820527618', 'name': 'AP Health & Science', 'screen_name': 'APHealthScience', 'location': 'Global ', 'url': 'https://www.facebook.com/APHealthScience/', 'description': 'Your dose of health, science and environment news by @AP journalists. Public health, medicine, biology, health insurance, climate, space.', 'translator_type': 'none', 'protected': False, 'verified': True, 'followers_count': 15445, 'friends_count': 210, 'listed_count': 497, 'favourites_count': 0, 'statuses_count': 4937, 'created_at': 'Tue Feb 14 18:16:11 +0000 2017', 'utc_offset': None, 'time_zone': None, 'geo_enabled': False, 'lang': None, 'contributors_enabled': False, 'is_translator': False, 'profile_background_color': 'F5F8FA', 'profile_background_image_url': '', 'profile_background_image_url_https': '', 'profile_background_tile': False, 'profile_link_color': '1DA1F2', 'profile_sidebar_border_color': 'C0DEED', 'profile_sidebar_fill_color': 'DDEEF6', 'profile_text_color': '333333', 'profile_use_background_image': True, 'profile_image_url': 'http://pbs.twimg.com/profile_images/831576258819534850/UifuiJV5_normal.jpg', 'profile_image_url_https': 'https://pbs.twimg.com/profile_images/831576258819534850/UifuiJV5_normal.jpg', 'profile_banner_url': 'https://pbs.twimg.com/profile_banners/831567731820527618/1487098711', 'default_profile': True, 'default_profile_image': False, 'following': None, 'follow_request_sent': None, 'notifications': None, 'withheld_in_countries': []}, 'geo': None, 'coordinates': None, 'place': None, 'contributors': None, 'is_quote_status': False, 'extended_tweet': {'full_text': 'A person who was flown from China to a Texas military base has the new coronavirus. It’s the 15th confirmed case in the U.S. https://t.co/sDAxZRwuqd', 'display_text_range': [0, 148], 'entities': {'hashtags': [], 'urls': [{'url': 'https://t.co/sDAxZRwuqd', 'expanded_url': 'http://apne.ws/tdWI2xO', 'display_url': 'apne.ws/tdWI2xO', 'indices': [125, 148]}], 'user_mentions': [], 'symbols': []}}, 'quote_count': 4, 'reply_count': 4, 'retweet_count': 44, 'favorite_count': 33, 'entities': {'hashtags': [], 'urls': [{'url': 'https://t.co/phCnBzeX6I', 'expanded_url': 'https://twitter.com/i/web/status/1227982724616552448', 'display_url': 'twitter.com/i/web/status/1…', 'indices': [117, 140]}], 'user_mentions': [], 'symbols': []}, 'favorited': False, 'retweeted': False, 'possibly_sensitive': False, 'filter_level': 'low', 'lang': 'en'}",False,0,0,0,0,"{'hashtags': [], 'urls': [], 'user_mentions': [{'screen_name': 'APHealthScience', 'name': 'AP Health & Science', 'id': 831567731820527618, 'id_str': '831567731820527618', 'indices': [3, 19]}], 'symbols': []}",False,False,low,en,[{'tag': None}],,,,AP,JanFeb2020
Tue Feb 11 13:54:11 +0000 2020,1227229344197726211,1227229344197726211,RT @AP_Europe: An English businessman who may have spread the new virus that originated in China during his travels has fully recovered and…,"<a href=""http://www.socialflow.com"" rel=""nofollow"">SocialFlow</a>",False,,,,,,"{'id': 51241574, 'id_str': '51241574', 'name': 'The Associated Press', 'screen_name': 'AP', 'location': 'Global', 'url': 'https://apnews.com/', 'description': 'News from The Associated Press, and a taste of the great journalism produced by AP members and customers.', 'translator_type': 'none', 'protected': False, 'verified': True, 'followers_count': 15393579, 'friends_count': 6843, 'listed_count': 101973, 'favourites_count': 3675, 'statuses_count': 305428, 'created_at': 'Fri Jun 26 21:48:52 +0000 2009', 'utc_offset': None, 'time_zone': None, 'geo_enabled': False, 'lang': None, 'contributors_enabled': False, 'is_translator': False, 'profile_background_color': '333333', 'profile_background_image_url': 'http://abs.twimg.com/images/themes/theme1/bg.png', 'profile_background_image_url_https': 'https://abs.twimg.com/images/themes/theme1/bg.png', 'profile_background_tile': False, 'profile_link_color': 'CC3300', 'profile_sidebar_border_color': 'FFFFFF', 'profile_sidebar_fill_color': 'CCCCCC', 'profile_text_color': '333333', 'profile_use_background_image': True, 'profile_image_url': 'http://pbs.twimg.com/profile_images/461964160838803457/8z9FImcv_normal.png', 'profile_image_url_https': 'https://pbs.twimg.com/profile_images/461964160838803457/8z9FImcv_normal.png', 'profile_banner_url': 'https://pbs.twimg.com/profile_banners/51241574/1638483576', 'default_profile': False, 'default_profile_image': False, 'following': None, 'follow_request_sent': None, 'notifications': None, 'withheld_in_countries': []}",,,,,"{'created_at': 'Tue Feb 11 13:48:04 +0000 2020', 'id': 1227227808419713024, 'id_str': '1227227808419713024', 'text': 'An English businessman who may have spread the new virus that originated in China during his travels has fully reco… https://t.co/8UCrf5b8SL', 'source': '<a href=""http://www.socialflow.com"" rel=""nofollow"">SocialFlow</a>', 'truncated': True, 'in_reply_to_status_id': None, 'in_reply_to_status_id_str': None, 'in_reply_to_user_id': None, 'in_reply_to_user_id_str': None, 'in_reply_to_screen_name': None, 'user': {'id': 834498430986809344, 'id_str': '834498430986809344', 'name': 'AP Europe', 'screen_name': 'AP_Europe', 'location': 'Europe', 'url': 'https://apnews.com/hub/europe', 'description': ""News from @AP's team of journalists in Europe. Header photo by @EmilioMorenatti of volcanic ash covering a house on La Palma in Spain's Canary Islands."", 'translator_type': 'none', 'protected': False, 'verified': True, 'followers_count': 25785, 'friends_count': 153, 'listed_count': 622, 'favourites_count': 2, 'statuses_count': 9401, 'created_at': 'Wed Feb 22 20:21:44 +0000 2017', 'utc_offset': None, 'time_zone': None, 'geo_enabled': False, 'lang': None, 'contributors_enabled': False, 'is_translator': False, 'profile_background_color': 'F5F8FA', 'profile_background_image_url': '', 'profile_background_image_url_https': '', 'profile_background_tile': False, 'profile_link_color': '1DA1F2', 'profile_sidebar_border_color': 'C0DEED', 'profile_sidebar_fill_color': 'DDEEF6', 'profile_text_color': '333333', 'profile_use_background_image': True, 'profile_image_url': 'http://pbs.twimg.com/profile_images/835057085951913986/mzyr24VC_normal.jpg', 'profile_image_url_https': 'https://pbs.twimg.com/profile_images/835057085951913986/mzyr24VC_normal.jpg', 'profile_banner_url': 'https://pbs.twimg.com/profile_banners/834498430986809344/1636026664', 'default_profile': True, 'default_profile_image': False, 'following': None, 'follow_request_sent': None, 'notifications': None, 'withheld_in_countries': []}, 'geo': None, 'coordinates': None, 'place': None, 'contributors': None, 'is_quote_status': False, 'extended_tweet': {'full_text': 'An English businessman who may have spread the new virus that originated in China during his travels has fully recovered and has said ""my thoughts are with others who have contracted coronavirus."" https://t.co/iEE9gONa9o', 'display_text_range': [0, 220], 'entities': {'hashtags': [], 'urls': [{'url': 'https://t.co/iEE9gONa9o', 'expanded_url': 'http://apne.ws/wCrEWaf', 'display_url': 'apne.ws/wCrEWaf', 'indices': [197, 220]}], 'user_mentions': [], 'symbols': []}}, 'quote_count': 4, 'reply_count': 9, 'retweet_count': 28, 'favorite_count': 51, 'entities': {'hashtags': [], 'urls': [{'url': 'https://t.co/8UCrf5b8SL', 'expanded_url': 'https://twitter.com/i/web/status/1227227808419713024', 'display_url': 'twitter.com/i/web/status/1…', 'indices': [117, 140]}], 'user_mentions': [], 'symbols': []}, 'favorited': False, 'retweeted': False, 'possibly_sensitive': False, 'filter_level': 'low', 'lang': 'en'}",False,0,0,0,0,"{'hashtags': [], 'urls': [], 'user_mentions': [{'screen_name': 'AP_Europe', 'name': 'AP Europe', 'id': 834498430986809344, 'id_str': '834498430986809344', 'indices': [3, 13]}], 'symbols': []}",False,False,low,en,[{'tag': None}],,,,AP,JanFeb2020
Mon Feb 10 12:37:58 +0000 2020,1226847775331147776,1226847775331147776,"RT @AP_Europe: UK declares the new coronavirus from China ""a serious threat to public health."" Will forcibly detain people if needed to hel…","<a href=""http://www.socialflow.com"" rel=""nofollow"">SocialFlow</a>",False,,,,,,"{'id': 51241574, 'id_str': '51241574', 'name': 'The Associated Press', 'screen_name': 'AP', 'location': 'Global', 'url': 'https://apnews.com/', 'description': 'News from The Associated Press, and a taste of the great journalism produced by AP members and customers.', 'translator_type': 'none', 'protected': False, 'verified': True, 'followers_count': 15393579, 'friends_count': 6843, 'listed_count': 101973, 'favourites_count': 3675, 'statuses_count': 305428, 'created_at': 'Fri Jun 26 21:48:52 +0000 2009', 'utc_offset': None, 'time_zone': None, 'geo_enabled': False, 'lang': None, 'contributors_enabled': False, 'is_translator': False, 'profile_background_color': '333333', 'profile_background_image_url': 'http://abs.twimg.com/images/themes/theme1/bg.png', 'profile_background_image_url_https': 'https://abs.twimg.com/images/themes/theme1/bg.png', 'profile_background_tile': False, 'profile_link_color': 'CC3300', 'profile_sidebar_border_color': 'FFFFFF', 'profile_sidebar_fill_color': 'CCCCCC', 'profile_text_color': '333333', 'profile_use_background_image': True, 'profile_image_url': 'http://pbs.twimg.com/profile_images/461964160838803457/8z9FImcv_normal.png', 'profile_image_url_https': 'https://pbs.twimg.com/profile_images/461964160838803457/8z9FImcv_normal.png', 'profile_banner_url': 'https://pbs.twimg.com/profile_banners/51241574/1638483576', 'default_profile': False, 'default_profile_image': False, 'following': None, 'follow_request_sent': None, 'notifications': None, 'withheld_in_countries': []}",,,,,"{'created_at': 'Mon Feb 10 09:46:54 +0000 2020', 'id': 1226804728996204544, 'id_str': '1226804728996204544', 'text': 'UK declares the new coronavirus from China ""a serious threat to public health."" Will forcibly detain people if need… https://t.co/Ym308jjMZH', 'source': '<a href=""http://www.socialflow.com"" rel=""nofollow"">SocialFlow</a>', 'truncated': True, 'in_reply_to_status_id': None, 'in_reply_to_status_id_str': None, 'in_reply_to_user_id': None, 'in_reply_to_user_id_str': None, 'in_reply_to_screen_name': None, 'user': {'id': 834498430986809344, 'id_str': '834498430986809344', 'name': 'AP Europe', 'screen_name': 'AP_Europe', 'location': 'Europe', 'url': 'https://apnews.com/hub/europe', 'description': ""News from @AP's team of journalists in Europe. Header photo by @EmilioMorenatti of volcanic ash covering a house on La Palma in Spain's Canary Islands."", 'translator_type': 'none', 'protected': False, 'verified': True, 'followers_count': 25785, 'friends_count': 153, 'listed_count': 622, 'favourites_count': 2, 'statuses_count': 9401, 'created_at': 'Wed Feb 22 20:21:44 +0000 2017', 'utc_offset': None, 'time_zone': None, 'geo_enabled': False, 'lang': None, 'contributors_enabled': False, 'is_translator': False, 'profile_background_color': 'F5F8FA', 'profile_background_image_url': '', 'profile_background_image_url_https': '', 'profile_background_tile': False, 'profile_link_color': '1DA1F2', 'profile_sidebar_border_color': 'C0DEED', 'profile_sidebar_fill_color': 'DDEEF6', 'profile_text_color': '333333', 'profile_use_background_image': True, 'profile_image_url': 'http://pbs.twimg.com/profile_images/835057085951913986/mzyr24VC_normal.jpg', 'profile_image_url_https': 'https://pbs.twimg.com/profile_images/835057085951913986/mzyr24VC_normal.jpg', 'profile_banner_url': 'https://pbs.twimg.com/profile_banners/834498430986809344/1636026664', 'default_profile': True, 'default_profile_image': False, 'following': None, 'follow_request_sent': None, 'notifications': None, 'withheld_in_countries': []}, 'geo': None, 'coordinates': None, 'place': None, 'contributors': None, 'is_quote_status': False, 'extended_tweet': {'full_text': 'UK declares the new coronavirus from China ""a serious threat to public health."" Will forcibly detain people if needed to help stop the spread of the virus. https://t.co/R6Zm8DmLw5', 'display_text_range': [0, 179], 'entities': {'hashtags': [], 'urls': [{'url': 'https://t.co/R6Zm8DmLw5', 'expanded_url': 'http://apne.ws/RIVPoXc', 'display_url': 'apne.ws/RIVPoXc', 'indices': [156, 179]}], 'user_mentions': [], 'symbols': []}}, 'quote_count': 8, 'reply_count': 5, 'retweet_count': 49, 'favorite_count': 65, 'entities': {'hashtags': [], 'urls': [{'url': 'https://t.co/Ym308jjMZH', 'expanded_url': 'https://twitter.com/i/web/status/1226804728996204544', 'display_url': 'twitter.com/i/web/status/1…', 'indices': [117, 140]}], 'user_mentions': [], 'symbols': []}, 'favorited': False, 'retweeted': False, 'possibly_sensitive': False, 'filter_level': 'low', 'lang': 'en'}",False,0,0,0,0,"{'hashtags': [], 'urls': [], 'user_mentions': [{'screen_name': 'AP_Europe', 'name': 'AP Europe', 'id': 834498430986809344, 'id_str': '834498430986809344', 'indices': [3, 13]}], 'symbols': []}",False,False,low,en,[{'tag': None}],,,,AP,JanFeb2020
Thu Feb 06 20:47:07 +0000 2020,1225521323084013570,1225521323084013570,"BREAKING: A Chinese doctor who sounded an early warning about the new coronavirus outbreak has died of the illness,… https://t.co/2pm9jbiy8f","<a href=""http://www.socialflow.com"" rel=""nofollow"">SocialFlow</a>",True,,,,,,"{'id': 51241574, 'id_str': '51241574', 'name': 'The Associated Press', 'screen_name': 'AP', 'location': 'Global', 'url': 'https://apnews.com/', 'description': 'News from The Associated Press, and a taste of the great journalism produced by AP members and customers.', 'translator_type': 'none', 'protected': False, 'verified': True, 'followers_count': 15393579, 'friends_count': 6843, 'listed_count': 101973, 'favourites_count': 3675, 'statuses_count': 305428, 'created_at': 'Fri Jun 26 21:48:52 +0000 2009', 'utc_offset': None, 'time_zone': None, 'geo_enabled': False, 'lang': None, 'contributors_enabled': False, 'is_translator': False, 'profile_background_color': '333333', 'profile_background_image_url': 'http://abs.twimg.com/images/themes/theme1/bg.png', 'profile_background_image_url_https': 'https://abs.twimg.com/images/themes/theme1/bg.png', 'profile_background_tile': False, 'profile_link_color': 'CC3300', 'profile_sidebar_border_color': 'FFFFFF', 'profile_sidebar_fill_color': 'CCCCCC', 'profile_text_color': '333333', 'profile_use_background_image': True, 'profile_image_url': 'http://pbs.twimg.com/profile_images/461964160838803457/8z9FImcv_normal.png', 'profile_image_url_https': 'https://pbs.twimg.com/profile_images/461964160838803457/8z9FImcv_normal.png', 'profile_banner_url': 'https://pbs.twimg.com/profile_banners/51241574/1638483576', 'default_profile': False, 'default_profile_image': False, 'following': None, 'follow_request_sent': None, 'notifications': None, 'withheld_in_countries': []}",,,,,,False,87,101,574,729,"{'hashtags': [], 'urls': [{'url': 'https://t.co/2pm9jbiy8f', 'expanded_url': 'https://twitter.com/i/web/status/1225521323084013570', 'display_url': 'twitter.com/i/web/status/1…', 'indices': [117, 140]}], 'user_mentions': [], 'symbols': []}",False,False,low,en,[{'tag': None}],False,"{'full_text': 'BREAKING: A Chinese doctor who sounded an early warning about the new coronavirus outbreak has died of the illness, hospital says. https://t.co/MXiOTDdlh5', 'display_text_range': [0, 154], 'entities': {'hashtags': [], 'urls': [{'url': 'https://t.co/MXiOTDdlh5', 'expanded_url': 'http://apne.ws/LPGC9vk', 'display_url': 'apne.ws/LPGC9vk', 'indices': [131, 154]}], 'user_mentions': [], 'symbols': []}}",,AP,JanFeb2020
Tue Feb 04 19:59:41 +0000 2020,1224784612053962753,1224784612053962753,RT @deeanndurbin_ap: Are you reconsidering or changing travel plans because of coronavirus? @AP might like to talk to you. Please email ddu…,"<a href=""http://www.socialflow.com"" rel=""nofollow"">SocialFlow</a>",False,,,,,,"{'id': 51241574, 'id_str': '51241574', 'name': 'The Associated Press', 'screen_name': 'AP', 'location': 'Global', 'url': 'https://apnews.com/', 'description': 'News from The Associated Press, and a taste of the great journalism produced by AP members and customers.', 'translator_type': 'none', 'protected': False, 'verified': True, 'followers_count': 15393579, 'friends_count': 6843, 'listed_count': 101973, 'favourites_count': 3675, 'statuses_count': 305428, 'created_at': 'Fri Jun 26 21:48:52 +0000 2009', 'utc_offset': None, 'time_zone': None, 'geo_enabled': False, 'lang': None, 'contributors_enabled': False, 'is_translator': False, 'profile_background_color': '333333', 'profile_background_image_url': 'http://abs.twimg.com/images/themes/theme1/bg.png', 'profile_background_image_url_https': 'https://abs.twimg.com/images/themes/theme1/bg.png', 'profile_background_tile': False, 'profile_link_color': 'CC3300', 'profile_sidebar_border_color': 'FFFFFF', 'profile_sidebar_fill_color': 'CCCCCC', 'profile_text_color': '333333', 'profile_use_background_image': True, 'profile_image_url': 'http://pbs.twimg.com/profile_images/461964160838803457/8z9FImcv_normal.png', 'profile_image_url_https': 'https://pbs.twimg.com/profile_images/461964160838803457/8z9FImcv_normal.png', 'profile_banner_url': 'https://pbs.twimg.com/profile_banners/51241574/1638483576', 'default_profile': False, 'default_profile_image': False, 'following': None, 'follow_request_sent': None, 'notifications': None, 'withheld_in_countries': []}",,,,,"{'created_at': 'Tue Feb 04 19:53:02 +0000 2020', 'id': 1224782938644058112, 'id_str': '1224782938644058112', 'text': 'Are you reconsidering or changing travel plans because of coronavirus? @AP might like to talk to you. Please email… https://t.co/n0b1PKr3DQ', 'source': '<a href=""https://mobile.twitter.com"" rel=""nofollow"">Twitter Web App</a>', 'truncated': True, 'in_reply_to_status_id': None, 'in_reply_to_status_id_str': None, 'in_reply_to_user_id': None, 'in_reply_to_user_id_str': None, 'in_reply_to_screen_name': None, 'user': {'id': 171204643, 'id_str': '171204643', 'name': 'Dee-Ann Durbin', 'screen_name': 'deeanndurbin_ap', 'location': 'Detroit', 'url': 'http://www.ap.org', 'description': 'Business writer for The Associated Press', 'translator_type': 'none', 'protected': False, 'verified': False, 'followers_count': 3178, 'friends_count': 593, 'listed_count': 165, 'favourites_count': 1368, 'statuses_count': 4167, 'created_at': 'Mon Jul 26 20:26:20 +0000 2010', 'utc_offset': None, 'time_zone': None, 'geo_enabled': True, 'lang': None, 'contributors_enabled': False, 'is_translator': False, 'profile_background_color': 'C0DEED', 'profile_background_image_url': 'http://abs.twimg.com/images/themes/theme1/bg.png', 'profile_background_image_url_https': 'https://abs.twimg.com/images/themes/theme1/bg.png', 'profile_background_tile': False, 'profile_link_color': '1DA1F2', 'profile_sidebar_border_color': 'C0DEED', 'profile_sidebar_fill_color': 'DDEEF6', 'profile_text_color': '333333', 'profile_use_background_image': True, 'profile_image_url': 'http://pbs.twimg.com/profile_images/1453049664937287689/Rwinmmw7_normal.jpg', 'profile_image_url_https': 'https://pbs.twimg.com/profile_images/1453049664937287689/Rwinmmw7_normal.jpg', 'profile_banner_url': 'https://pbs.twimg.com/profile_banners/171204643/1633360251', 'default_profile': True, 'default_profile_image': False, 'following': None, 'follow_request_sent': None, 'notifications': None, 'withheld_in_countries': []}, 'geo': None, 'coordinates': None, 'place': None, 'contributors': None, 'is_quote_status': False, 'extended_tweet': {'full_text': 'Are you reconsidering or changing travel plans because of coronavirus? @AP might like to talk to you. Please email ddurbin@ap.org. Thank you.', 'display_text_range': [0, 141], 'entities': {'hashtags': [], 'urls': [], 'user_mentions': [{'screen_name': 'AP', 'name': 'The Associated Press', 'id': 51241574, 'id_str': '51241574', 'indices': [71, 74]}], 'symbols': []}}, 'quote_count': 1, 'reply_count': 6, 'retweet_count': 13, 'favorite_count': 16, 'entities': {'hashtags': [], 'urls': [{'url': 'https://t.co/n0b1PKr3DQ', 'expanded_url': 'https://twitter.com/i/web/status/1224782938644058112', 'display_url': 'twitter.com/i/web/status/1…', 'indices': [116, 139]}], 'user_mentions': [{'screen_name': 'AP', 'name': 'The Associated Press', 'id': 51241574, 'id_str': '51241574', 'indices': [71, 74]}], 'symbols': []}, 'favorited': False, 'retweeted': False, 'filter_level': 'low', 'lang': 'en'}",False,0,0,0,0,"{'hashtags': [], 'urls': [], 'user_mentions': [{'screen_name': 'deeanndurbin_ap', 'name': 'Dee-Ann Durbin', 'id': 171204643, 'id_str': '171204643', 'indices': [3, 19]}, {'screen_name': 'AP', 'name': 'The Associated Press', 'id': 51241574, 'id_str': '51241574', 'indices': [92, 95]}], 'symbols': []}",False,False,low,en,[{'tag': None}],,,,AP,JanFeb2020
Sun Feb 02 04:48:04 +0000 2020,1223830420011323392,1223830420011323392,"As fears of a new coronavirus from China spread around the world, many countries are seeing rising anti-Chinese sen… https://t.co/nc09lg0Tyh","<a href=""http://www.socialflow.com"" rel=""nofollow"">SocialFlow</a>",True,,,,,,"{'id': 51241574, 'id_str': '51241574', 'name': 'The Associated Press', 'screen_name': 'AP', 'location': 'Global', 'url': 'https://apnews.com/', 'description': 'News from The Associated Press, and a taste of the great journalism produced by AP members and customers.', 'translator_type': 'none', 'protected': False, 'verified': True, 'followers_count': 15393579, 'friends_count': 6843, 'listed_count': 101973, 'favourites_count': 3675, 'statuses_count': 305428, 'created_at': 'Fri Jun 26 21:48:52 +0000 2009', 'utc_offset': None, 'time_zone': None, 'geo_enabled': False, 'lang': None, 'contributors_enabled': False, 'is_translator': False, 'profile_background_color': '333333', 'profile_background_image_url': 'http://abs.twimg.com/images/themes/theme1/bg.png', 'profile_background_image_url_https': 'https://abs.twimg.com/images/themes/theme1/bg.png', 'profile_background_tile': False, 'profile_link_color': 'CC3300', 'profile_sidebar_border_color': 'FFFFFF', 'profile_sidebar_fill_color': 'CCCCCC', 'profile_text_color': '333333', 'profile_use_background_image': True, 'profile_image_url': 'http://pbs.twimg.com/profile_images/461964160838803457/8z9FImcv_normal.png', 'profile_image_url_https': 'https://pbs.twimg.com/profile_images/461964160838803457/8z9FImcv_normal.png', 'profile_banner_url': 'https://pbs.twimg.com/profile_banners/51241574/1638483576', 'default_profile': False, 'default_profile_image': False, 'following': None, 'follow_request_sent': None, 'notifications': None, 'withheld_in_countries': []}",,,,,,False,52,127,140,223,"{'hashtags': [], 'urls': [{'url': 'https://t.co/nc09lg0Tyh', 'expanded_url': 'https://twitter.com/i/web/status/1223830420011323392', 'display_url': 'twitter.com/i/web/status/1…', 'indices': [117, 140]}], 'user_mentions': [], 'symbols': []}",False,False,low,en,[{'tag': None}],False,"{'full_text': 'As fears of a new coronavirus from China spread around the world, many countries are seeing rising anti-Chinese sentiment. https://t.co/2jxycv4t4e', 'display_text_range': [0, 146], 'entities': {'hashtags': [], 'urls': [{'url': 'https://t.co/2jxycv4t4e', 'expanded_url': 'http://apne.ws/ECbnXqF', 'display_url': 'apne.ws/ECbnXqF', 'indices': [123, 146]}], 'user_mentions': [], 'symbols': []}}",,AP,JanFeb2020
Fri Jan 31 21:40:17 +0000 2020,1223360376852578304,1223360376852578304,"@AP Starting Sunday, the U.S. will temporarily bar entry to foreign nationals believed to be at risk of transmittin… https://t.co/VV2lDXuyFp","<a href=""http://www.socialflow.com"" rel=""nofollow"">SocialFlow</a>",True,1.223352937189122e+18,1.223352937189122e+18,51241574.0,51241574.0,AP,"{'id': 51241574, 'id_str': '51241574', 'name': 'The Associated Press', 'screen_name': 'AP', 'location': 'Global', 'url': 'https://apnews.com/', 'description': 'News from The Associated Press, and a taste of the great journalism produced by AP members and customers.', 'translator_type': 'none', 'protected': False, 'verified': True, 'followers_count': 15393579, 'friends_count': 6843, 'listed_count': 101973, 'favourites_count': 3675, 'statuses_count': 305428, 'created_at': 'Fri Jun 26 21:48:52 +0000 2009', 'utc_offset': None, 'time_zone': None, 'geo_enabled': False, 'lang': None, 'contributors_enabled': False, 'is_translator': False, 'profile_background_color': '333333', 'profile_background_image_url': 'http://abs.twimg.com/images/themes/theme1/bg.png', 'profile_background_image_url_https': 'https://abs.twimg.com/images/themes/theme1/bg.png', 'profile_background_tile': False, 'profile_link_color': 'CC3300', 'profile_sidebar_border_color': 'FFFFFF', 'profile_sidebar_fill_color': 'CCCCCC', 'profile_text_color': '333333', 'profile_use_background_image': True, 'profile_image_url': 'http://pbs.twimg.com/profile_images/461964160838803457/8z9FImcv_normal.png', 'profile_image_url_https': 'https://pbs.twimg.com/profile_images/461964160838803457/8z9FImcv_normal.png', 'profile_banner_url': 'https://pbs.twimg.com/profile_banners/51241574/1638483576', 'default_profile': False, 'default_profile_image': False, 'following': None, 'follow_request_sent': None, 'notifications': None, 'withheld_in_countries': []}",,,,,,False,6,6,63,58,"{'hashtags': [], 'urls': [{'url': 'https://t.co/VV2lDXuyFp', 'expanded_url': 'https://twitter.com/i/web/status/1223360376852578304', 'display_url': 'twitter.com/i/web/status/1…', 'indices': [117, 140]}], 'user_mentions': [{'screen_name': 'AP', 'name': 'The Associated Press', 'id': 51241574, 'id_str': '51241574', 'indices': [0, 3]}], 'symbols': []}",False,False,low,en,[{'tag': None}],False,"{'full_text': '@AP Starting Sunday, the U.S. will temporarily bar entry to foreign nationals believed to be at risk of transmitting a new virus. All flights from China will be funneled to seven major U.S. airports where passengers can be screened for illness. https://t.co/qPnn4UWLni', 'display_text_range': [4, 268], 'entities': {'hashtags': [], 'urls': [{'url': 'https://t.co/qPnn4UWLni', 'expanded_url': 'http://apne.ws/T0JSQU7', 'display_url': 'apne.ws/T0JSQU7', 'indices': [245, 268]}], 'user_mentions': [{'screen_name': 'AP', 'name': 'The Associated Press', 'id': 51241574, 'id_str': '51241574', 'indices': [0, 3]}], 'symbols': []}}","[4, 140]",AP,JanFeb2020
Fri Jan 31 21:10:43 +0000 2020,1223352937189122048,1223352937189122048,"BREAKING: US declares public health emergency from new virus, President Trump to bar entry of foreign nationals who… https://t.co/Dq53IYjlCE","<a href=""http://www.socialflow.com"" rel=""nofollow"">SocialFlow</a>",True,,,,,,"{'id': 51241574, 'id_str': '51241574', 'name': 'The Associated Press', 'screen_name': 'AP', 'location': 'Global', 'url': 'https://apnews.com/', 'description': 'News from The Associated Press, and a taste of the great journalism produced by AP members and customers.', 'translator_type': 'none', 'protected': False, 'verified': True, 'followers_count': 15393579, 'friends_count': 6843, 'listed_count': 101973, 'favourites_count': 3675, 'statuses_count': 305428, 'created_at': 'Fri Jun 26 21:48:52 +0000 2009', 'utc_offset': None, 'time_zone': None, 'geo_enabled': False, 'lang': None, 'contributors_enabled': False, 'is_translator': False, 'profile_background_color': '333333', 'profile_background_image_url': 'http://abs.twimg.com/images/themes/theme1/bg.png', 'profile_background_image_url_https': 'https://abs.twimg.com/images/themes/theme1/bg.png', 'profile_background_tile': False, 'profile_link_color': 'CC3300', 'profile_sidebar_border_color': 'FFFFFF', 'profile_sidebar_fill_color': 'CCCCCC', 'profile_text_color': '333333', 'profile_use_background_image': True, 'profile_image_url': 'http://pbs.twimg.com/profile_images/461964160838803457/8z9FImcv_normal.png', 'profile_image_url_https': 'https://pbs.twimg.com/profile_images/461964160838803457/8z9FImcv_normal.png', 'profile_banner_url': 'https://pbs.twimg.com/profile_banners/51241574/1638483576', 'default_profile': False, 'default_profile_image': False, 'following': None, 'follow_request_sent': None, 'notifications': None, 'withheld_in_countries': []}",,,,,,False,74,80,370,474,"{'hashtags': [], 'urls': [{'url': 'https://t.co/Dq53IYjlCE', 'expanded_url': 'https://twitter.com/i/web/status/1223352937189122048', 'display_url': 'twitter.com/i/web/status/1…', 'indices': [117, 140]}], 'user_mentions': [], 'symbols': []}",False,False,low,en,[{'tag': None}],False,"{'full_text': 'BREAKING: US declares public health emergency from new virus, President Trump to bar entry of foreign nationals who pose transmission risk. https://t.co/YE8sJuIiK2', 'display_text_range': [0, 163], 'entities': {'hashtags': [], 'urls': [{'url': 'https://t.co/YE8sJuIiK2', 'expanded_url': 'http://apne.ws/k8NOlKs', 'display_url': 'apne.ws/k8NOlKs', 'indices': [140, 163]}], 'user_mentions': [], 'symbols': []}}",,AP,JanFeb2020
Fri Jan 31 16:49:09 +0000 2020,1223287109689204736,1223287109689204736,BREAKING: Delta Air Lines and American Airlines are suspending all flights between the U.S. and China as the corona… https://t.co/3RpdfPtOPx,"<a href=""http://www.socialflow.com"" rel=""nofollow"">SocialFlow</a>",True,,,,,,"{'id': 51241574, 'id_str': '51241574', 'name': 'The Associated Press', 'screen_name': 'AP', 'location': 'Global', 'url': 'https://apnews.com/', 'description': 'News from The Associated Press, and a taste of the great journalism produced by AP members and customers.', 'translator_type': 'none', 'protected': False, 'verified': True, 'followers_count': 15393579, 'friends_count': 6843, 'listed_count': 101973, 'favourites_count': 3675, 'statuses_count': 305428, 'created_at': 'Fri Jun 26 21:48:52 +0000 2009', 'utc_offset': None, 'time_zone': None, 'geo_enabled': False, 'lang': None, 'contributors_enabled': False, 'is_translator': False, 'profile_background_color': '333333', 'profile_background_image_url': 'http://abs.twimg.com/images/themes/theme1/bg.png', 'profile_background_image_url_https': 'https://abs.twimg.com/images/themes/theme1/bg.png', 'profile_background_tile': False, 'profile_link_color': 'CC3300', 'profile_sidebar_border_color': 'FFFFFF', 'profile_sidebar_fill_color': 'CCCCCC', 'profile_text_color': '333333', 'profile_use_background_image': True, 'profile_image_url': 'http://pbs.twimg.com/profile_images/461964160838803457/8z9FImcv_normal.png', 'profile_image_url_https': 'https://pbs.twimg.com/profile_images/461964160838803457/8z9FImcv_normal.png', 'profile_banner_url': 'https://pbs.twimg.com/profile_banners/51241574/1638483576', 'default_profile': False, 'default_profile_image': False, 'following': None, 'follow_request_sent': None, 'notifications': None, 'withheld_in_countries': []}",,,,,,False,93,56,517,817,"{'hashtags': [], 'urls': [{'url': 'https://t.co/3RpdfPtOPx', 'expanded_url': 'https://twitter.com/i/web/status/1223287109689204736', 'display_url': 'twitter.com/i/web/status/1…', 'indices': [117, 140]}], 'user_mentions': [], 'symbols': []}",False,False,low,en,[{'tag': None}],False,"{'full_text': 'BREAKING: Delta Air Lines and American Airlines are suspending all flights between the U.S. and China as the coronavirus outbreak spreads. https://t.co/pQhdD1YPH1', 'display_text_range': [0, 162], 'entities': {'hashtags': [], 'urls': [{'url': 'https://t.co/pQhdD1YPH1', 'expanded_url': 'http://apne.ws/yJwbXOq', 'display_url': 'apne.ws/yJwbXOq', 'indices': [139, 162]}], 'user_mentions': [], 'symbols': []}}",,AP,JanFeb2020
Fri Jan 31 06:01:03 +0000 2020,1223124012571586560,1223124012571586560,Airline passengers making their way to and from China are navigating an eerie scene as officials around the globe w… https://t.co/c9p17QBCQ0,"<a href=""http://www.socialflow.com"" rel=""nofollow"">SocialFlow</a>",True,,,,,,"{'id': 51241574, 'id_str': '51241574', 'name': 'The Associated Press', 'screen_name': 'AP', 'location': 'Global', 'url': 'https://apnews.com/', 'description': 'News from The Associated Press, and a taste of the great journalism produced by AP members and customers.', 'translator_type': 'none', 'protected': False, 'verified': True, 'followers_count': 15393579, 'friends_count': 6843, 'listed_count': 101973, 'favourites_count': 3675, 'statuses_count': 305428, 'created_at': 'Fri Jun 26 21:48:52 +0000 2009', 'utc_offset': None, 'time_zone': None, 'geo_enabled': False, 'lang': None, 'contributors_enabled': False, 'is_translator': False, 'profile_background_color': '333333', 'profile_background_image_url': 'http://abs.twimg.com/images/themes/theme1/bg.png', 'profile_background_image_url_https': 'https://abs.twimg.com/images/themes/theme1/bg.png', 'profile_background_tile': False, 'profile_link_color': 'CC3300', 'profile_sidebar_border_color': 'FFFFFF', 'profile_sidebar_fill_color': 'CCCCCC', 'profile_text_color': '333333', 'profile_use_background_image': True, 'profile_image_url': 'http://pbs.twimg.com/profile_images/461964160838803457/8z9FImcv_normal.png', 'profile_image_url_https': 'https://pbs.twimg.com/profile_images/461964160838803457/8z9FImcv_normal.png', 'profile_banner_url': 'https://pbs.twimg.com/profile_banners/51241574/1638483576', 'default_profile': False, 'default_profile_image': False, 'following': None, 'follow_request_sent': None, 'notifications': None, 'withheld_in_countries': []}",,,,,,False,2,7,31,51,"{'hashtags': [], 'urls': [{'url': 'https://t.co/c9p17QBCQ0', 'expanded_url': 'https://twitter.com/i/web/status/1223124012571586560', 'display_url': 'twitter.com/i/web/status/1…', 'indices': [117, 140]}], 'user_mentions': [], 'symbols': []}",False,False,low,en,[{'tag': None}],False,"{'full_text': 'Airline passengers making their way to and from China are navigating an eerie scene as officials around the globe work to contain the fast-spreading coronavirus. https://t.co/htMBbJJPYc', 'display_text_range': [0, 185], 'entities': {'hashtags': [], 'urls': [{'url': 'https://t.co/htMBbJJPYc', 'expanded_url': 'http://apne.ws/NJUkZFY', 'display_url': 'apne.ws/NJUkZFY', 'indices': [162, 185]}], 'user_mentions': [], 'symbols': []}}",,AP,JanFeb2020
Wed Jan 29 18:34:41 +0000 2020,1222588891783487488,1222588891783487488,"RT @cbussewitz: Have you or someone you know taken a plane ride from China since the #coronavirus broke out? If so, we’d like to speak with…","<a href=""http://www.socialflow.com"" rel=""nofollow"">SocialFlow</a>",False,,,,,,"{'id': 51241574, 'id_str': '51241574', 'name': 'The Associated Press', 'screen_name': 'AP', 'location': 'Global', 'url': 'https://apnews.com/', 'description': 'News from The Associated Press, and a taste of the great journalism produced by AP members and customers.', 'translator_type': 'none', 'protected': False, 'verified': True, 'followers_count': 15393579, 'friends_count': 6843, 'listed_count': 101973, 'favourites_count': 3675, 'statuses_count': 305428, 'created_at': 'Fri Jun 26 21:48:52 +0000 2009', 'utc_offset': None, 'time_zone': None, 'geo_enabled': False, 'lang': None, 'contributors_enabled': False, 'is_translator': False, 'profile_background_color': '333333', 'profile_background_image_url': 'http://abs.twimg.com/images/themes/theme1/bg.png', 'profile_background_image_url_https': 'https://abs.twimg.com/images/themes/theme1/bg.png', 'profile_background_tile': False, 'profile_link_color': 'CC3300', 'profile_sidebar_border_color': 'FFFFFF', 'profile_sidebar_fill_color': 'CCCCCC', 'profile_text_color': '333333', 'profile_use_background_image': True, 'profile_image_url': 'http://pbs.twimg.com/profile_images/461964160838803457/8z9FImcv_normal.png', 'profile_image_url_https': 'https://pbs.twimg.com/profile_images/461964160838803457/8z9FImcv_normal.png', 'profile_banner_url': 'https://pbs.twimg.com/profile_banners/51241574/1638483576', 'default_profile': False, 'default_profile_image': False, 'following': None, 'follow_request_sent': None, 'notifications': None, 'withheld_in_countries': []}",,,,,"{'created_at': 'Wed Jan 29 18:29:20 +0000 2020', 'id': 1222587548041719810, 'id_str': '1222587548041719810', 'text': 'Have you or someone you know taken a plane ride from China since the #coronavirus broke out? If so, we’d like to sp… https://t.co/PV94nmSwdB', 'source': '<a href=""https://mobile.twitter.com"" rel=""nofollow"">Twitter Web App</a>', 'truncated': True, 'in_reply_to_status_id': None, 'in_reply_to_status_id_str': None, 'in_reply_to_user_id': None, 'in_reply_to_user_id_str': None, 'in_reply_to_screen_name': None, 'user': {'id': 19932647, 'id_str': '19932647', 'name': 'Cathy Bussewitz', 'screen_name': 'cbussewitz', 'location': 'New York, USA', 'url': 'https://apnews.com/', 'description': 'AP reporter covering energy and climate change. Formerly in CA, NV & HI. Send tips to cbussewitz(@)http://ap.org', 'translator_type': 'none', 'protected': False, 'verified': False, 'followers_count': 1824, 'friends_count': 1514, 'listed_count': 163, 'favourites_count': 218, 'statuses_count': 2168, 'created_at': 'Mon Feb 02 21:10:34 +0000 2009', 'utc_offset': None, 'time_zone': None, 'geo_enabled': False, 'lang': None, 'contributors_enabled': False, 'is_translator': False, 'profile_background_color': '709397', 'profile_background_image_url': 'http://abs.twimg.com/images/themes/theme6/bg.gif', 'profile_background_image_url_https': 'https://abs.twimg.com/images/themes/theme6/bg.gif', 'profile_background_tile': False, 'profile_link_color': 'CC411E', 'profile_sidebar_border_color': '86A4A6', 'profile_sidebar_fill_color': 'A0C5C7', 'profile_text_color': '333333', 'profile_use_background_image': True, 'profile_image_url': 'http://pbs.twimg.com/profile_images/1328434570027470848/o-2nIALM_normal.jpg', 'profile_image_url_https': 'https://pbs.twimg.com/profile_images/1328434570027470848/o-2nIALM_normal.jpg', 'profile_banner_url': 'https://pbs.twimg.com/profile_banners/19932647/1407960933', 'default_profile': False, 'default_profile_image': False, 'following': None, 'follow_request_sent': None, 'notifications': None, 'withheld_in_countries': []}, 'geo': None, 'coordinates': None, 'place': None, 'contributors': None, 'is_quote_status': False, 'extended_tweet': {'full_text': 'Have you or someone you know taken a plane ride from China since the #coronavirus broke out? If so, we’d like to speak with you. Contact @cbussewitz or email cbussewitz@ap.org.', 'display_text_range': [0, 176], 'entities': {'hashtags': [{'text': 'coronavirus', 'indices': [69, 81]}], 'urls': [], 'user_mentions': [{'screen_name': 'cbussewitz', 'name': 'Cathy Bussewitz', 'id': 19932647, 'id_str': '19932647', 'indices': [137, 148]}], 'symbols': []}}, 'quote_count': 3, 'reply_count': 5, 'retweet_count': 16, 'favorite_count': 15, 'entities': {'hashtags': [{'text': 'coronavirus', 'indices': [69, 81]}], 'urls': [{'url': 'https://t.co/PV94nmSwdB', 'expanded_url': 'https://twitter.com/i/web/status/1222587548041719810', 'display_url': 'twitter.com/i/web/status/1…', 'indices': [117, 140]}], 'user_mentions': [], 'symbols': []}, 'favorited': False, 'retweeted': False, 'filter_level': 'low', 'lang': 'en'}",False,0,0,0,0,"{'hashtags': [{'text': 'coronavirus', 'indices': [85, 97]}], 'urls': [], 'user_mentions': [{'screen_name': 'cbussewitz', 'name': 'Cathy Bussewitz', 'id': 19932647, 'id_str': '19932647', 'indices': [3, 14]}], 'symbols': []}",False,False,low,en,[{'tag': None}],,,,AP,JanFeb2020
Mon Jan 27 14:47:52 +0000 2020,1221807036561854466,1221807036561854466,BREAKING: U.S. stocks tumble following a sell-off in Europe and Japan as the coronavirus outbreak grows. The Dow Jo… https://t.co/UQvfhoeNx3,"<a href=""http://www.socialflow.com"" rel=""nofollow"">SocialFlow</a>",True,,,,,,"{'id': 51241574, 'id_str': '51241574', 'name': 'The Associated Press', 'screen_name': 'AP', 'location': 'Global', 'url': 'https://apnews.com/', 'description': 'News from The Associated Press, and a taste of the great journalism produced by AP members and customers.', 'translator_type': 'none', 'protected': False, 'verified': True, 'followers_count': 15393579, 'friends_count': 6843, 'listed_count': 101973, 'favourites_count': 3675, 'statuses_count': 305428, 'created_at': 'Fri Jun 26 21:48:52 +0000 2009', 'utc_offset': None, 'time_zone': None, 'geo_enabled': False, 'lang': None, 'contributors_enabled': False, 'is_translator': False, 'profile_background_color': '333333', 'profile_background_image_url': 'http://abs.twimg.com/images/themes/theme1/bg.png', 'profile_background_image_url_https': 'https://abs.twimg.com/images/themes/theme1/bg.png', 'profile_background_tile': False, 'profile_link_color': 'CC3300', 'profile_sidebar_border_color': 'FFFFFF', 'profile_sidebar_fill_color': 'CCCCCC', 'profile_text_color': '333333', 'profile_use_background_image': True, 'profile_image_url': 'http://pbs.twimg.com/profile_images/461964160838803457/8z9FImcv_normal.png', 'profile_image_url_https': 'https://pbs.twimg.com/profile_images/461964160838803457/8z9FImcv_normal.png', 'profile_banner_url': 'https://pbs.twimg.com/profile_banners/51241574/1638483576', 'default_profile': False, 'default_profile_image': False, 'following': None, 'follow_request_sent': None, 'notifications': None, 'withheld_in_countries': []}",,,,,,False,40,32,222,233,"{'hashtags': [], 'urls': [{'url': 'https://t.co/UQvfhoeNx3', 'expanded_url': 'https://twitter.com/i/web/status/1221807036561854466', 'display_url': 'twitter.com/i/web/status/1…', 'indices': [117, 140]}], 'user_mentions': [], 'symbols': []}",False,False,low,en,[{'tag': None}],False,"{'full_text': 'BREAKING: U.S. stocks tumble following a sell-off in Europe and Japan as the coronavirus outbreak grows. The Dow Jones Industrial Average drops 500 points in early trading as travel company stocks sink. https://t.co/Dq6hBmBXkn', 'display_text_range': [0, 226], 'entities': {'hashtags': [], 'urls': [{'url': 'https://t.co/Dq6hBmBXkn', 'expanded_url': 'http://apne.ws/wXyk478', 'display_url': 'apne.ws/wXyk478', 'indices': [203, 226]}], 'user_mentions': [], 'symbols': []}}",,AP,JanFeb2020
Mon Jan 27 11:27:15 +0000 2020,1221756552291520512,1221756552291520512,With tens of millions of Chinese ordered to stay put and many others opting to avoid travel as the new coronavirus… https://t.co/HlXVtcKKa1,"<a href=""http://www.socialflow.com"" rel=""nofollow"">SocialFlow</a>",True,,,,,,"{'id': 51241574, 'id_str': '51241574', 'name': 'The Associated Press', 'screen_name': 'AP', 'location': 'Global', 'url': 'https://apnews.com/', 'description': 'News from The Associated Press, and a taste of the great journalism produced by AP members and customers.', 'translator_type': 'none', 'protected': False, 'verified': True, 'followers_count': 15393579, 'friends_count': 6843, 'listed_count': 101973, 'favourites_count': 3675, 'statuses_count': 305428, 'created_at': 'Fri Jun 26 21:48:52 +0000 2009', 'utc_offset': None, 'time_zone': None, 'geo_enabled': False, 'lang': None, 'contributors_enabled': False, 'is_translator': False, 'profile_background_color': '333333', 'profile_background_image_url': 'http://abs.twimg.com/images/themes/theme1/bg.png', 'profile_background_image_url_https': 'https://abs.twimg.com/images/themes/theme1/bg.png', 'profile_background_tile': False, 'profile_link_color': 'CC3300', 'profile_sidebar_border_color': 'FFFFFF', 'profile_sidebar_fill_color': 'CCCCCC', 'profile_text_color': '333333', 'profile_use_background_image': True, 'profile_image_url': 'http://pbs.twimg.com/profile_images/461964160838803457/8z9FImcv_normal.png', 'profile_image_url_https': 'https://pbs.twimg.com/profile_images/461964160838803457/8z9FImcv_normal.png', 'profile_banner_url': 'https://pbs.twimg.com/profile_banners/51241574/1638483576', 'default_profile': False, 'default_profile_image': False, 'following': None, 'follow_request_sent': None, 'notifications': None, 'withheld_in_countries': []}",,,,,,False,3,10,59,104,"{'hashtags': [], 'urls': [{'url': 'https://t.co/HlXVtcKKa1', 'expanded_url': 'https://twitter.com/i/web/status/1221756552291520512', 'display_url': 'twitter.com/i/web/status/1…', 'indices': [116, 139]}], 'user_mentions': [], 'symbols': []}",False,False,low,en,[{'tag': None}],False,"{'full_text': 'With tens of millions of Chinese ordered to stay put and many others opting to avoid travel as the new coronavirus spreads, tourism around the globe is taking a heavy hit during one of the biggest travel seasons, the Lunar New Year. https://t.co/oJtbuSufeP', 'display_text_range': [0, 256], 'entities': {'hashtags': [], 'urls': [{'url': 'https://t.co/oJtbuSufeP', 'expanded_url': 'http://apne.ws/9v0A3EX', 'display_url': 'apne.ws/9v0A3EX', 'indices': [233, 256]}], 'user_mentions': [], 'symbols': []}}",,AP,JanFeb2020
Fri Jan 24 00:41:52 +0000 2020,1220506970949586946,1220506970949586946,"BREAKING: Twenty-five deaths are now blamed on a new respiratory virus, China's National Health Commission says. Th… https://t.co/hOIX9RXTrV","<a href=""http://www.socialflow.com"" rel=""nofollow"">SocialFlow</a>",True,,,,,,"{'id': 51241574, 'id_str': '51241574', 'name': 'The Associated Press', 'screen_name': 'AP', 'location': 'Global', 'url': 'https://apnews.com/', 'description': 'News from The Associated Press, and a taste of the great journalism produced by AP members and customers.', 'translator_type': 'none', 'protected': False, 'verified': True, 'followers_count': 15393579, 'friends_count': 6843, 'listed_count': 101973, 'favourites_count': 3675, 'statuses_count': 305428, 'created_at': 'Fri Jun 26 21:48:52 +0000 2009', 'utc_offset': None, 'time_zone': None, 'geo_enabled': False, 'lang': None, 'contributors_enabled': False, 'is_translator': False, 'profile_background_color': '333333', 'profile_background_image_url': 'http://abs.twimg.com/images/themes/theme1/bg.png', 'profile_background_image_url_https': 'https://abs.twimg.com/images/themes/theme1/bg.png', 'profile_background_tile': False, 'profile_link_color': 'CC3300', 'profile_sidebar_border_color': 'FFFFFF', 'profile_sidebar_fill_color': 'CCCCCC', 'profile_text_color': '333333', 'profile_use_background_image': True, 'profile_image_url': 'http://pbs.twimg.com/profile_images/461964160838803457/8z9FImcv_normal.png', 'profile_image_url_https': 'https://pbs.twimg.com/profile_images/461964160838803457/8z9FImcv_normal.png', 'profile_banner_url': 'https://pbs.twimg.com/profile_banners/51241574/1638483576', 'default_profile': False, 'default_profile_image': False, 'following': None, 'follow_request_sent': None, 'notifications': None, 'withheld_in_countries': []}",,,,,,False,62,43,468,381,"{'hashtags': [], 'urls': [{'url': 'https://t.co/hOIX9RXTrV', 'expanded_url': 'https://twitter.com/i/web/status/1220506970949586946', 'display_url': 'twitter.com/i/web/status/1…', 'indices': [117, 140]}], 'user_mentions': [], 'symbols': []}",False,False,low,en,[{'tag': None}],False,"{'full_text': ""BREAKING: Twenty-five deaths are now blamed on a new respiratory virus, China's National Health Commission says. The number of cases there has risen to 830 since the new coronavirus was first detected last month. https://t.co/w7Nj6OM9ed"", 'display_text_range': [0, 236], 'entities': {'hashtags': [], 'urls': [{'url': 'https://t.co/w7Nj6OM9ed', 'expanded_url': 'http://apne.ws/JSGBT9B', 'display_url': 'apne.ws/JSGBT9B', 'indices': [213, 236]}], 'user_mentions': [], 'symbols': []}}",,AP,JanFeb2020
Thu Jan 23 11:35:23 +0000 2020,1220309048177975298,1220309048177975298,"Among #10ThingstoKnow: 
— House Democrats poised for 2nd day of arguments in impeachment trial; 
— Chinese city of… https://t.co/Vrbd9z4zAX","<a href=""http://www.socialflow.com"" rel=""nofollow"">SocialFlow</a>",True,,,,,,"{'id': 51241574, 'id_str': '51241574', 'name': 'The Associated Press', 'screen_name': 'AP', 'location': 'Global', 'url': 'https://apnews.com/', 'description': 'News from The Associated Press, and a taste of the great journalism produced by AP members and customers.', 'translator_type': 'none', 'protected': False, 'verified': True, 'followers_count': 15393579, 'friends_count': 6843, 'listed_count': 101973, 'favourites_count': 3675, 'statuses_count': 305428, 'created_at': 'Fri Jun 26 21:48:52 +0000 2009', 'utc_offset': None, 'time_zone': None, 'geo_enabled': False, 'lang': None, 'contributors_enabled': False, 'is_translator': False, 'profile_background_color': '333333', 'profile_background_image_url': 'http://abs.twimg.com/images/themes/theme1/bg.png', 'profile_background_image_url_https': 'https://abs.twimg.com/images/themes/theme1/bg.png', 'profile_background_tile': False, 'profile_link_color': 'CC3300', 'profile_sidebar_border_color': 'FFFFFF', 'profile_sidebar_fill_color': 'CCCCCC', 'profile_text_color': '333333', 'profile_use_background_image': True, 'profile_image_url': 'http://pbs.twimg.com/profile_images/461964160838803457/8z9FImcv_normal.png', 'profile_image_url_https': 'https://pbs.twimg.com/profile_images/461964160838803457/8z9FImcv_normal.png', 'profile_banner_url': 'https://pbs.twimg.com/profile_banners/51241574/1638483576', 'default_profile': False, 'default_profile_image': False, 'following': None, 'follow_request_sent': None, 'notifications': None, 'withheld_in_countries': []}",,,,,,False,1,7,41,47,"{'hashtags': [{'text': '10ThingstoKnow', 'indices': [6, 21]}], 'urls': [{'url': 'https://t.co/Vrbd9z4zAX', 'expanded_url': 'https://twitter.com/i/web/status/1220309048177975298', 'display_url': 'twitter.com/i/web/status/1…', 'indices': [116, 139]}], 'user_mentions': [], 'symbols': []}",False,False,low,en,[{'tag': None}],False,"{'full_text': 'Among #10ThingstoKnow: \n— House Democrats poised for 2nd day of arguments in impeachment trial; \n— Chinese city of Wuhan closed off to try to contain spread of coronavirus;\n—  UN court orders Myanmar to take measures to prevent genocide against Rohingya.\xa0\nhttps://t.co/Oj3fpm4uj9', 'display_text_range': [0, 279], 'entities': {'hashtags': [{'text': '10ThingstoKnow', 'indices': [6, 21]}], 'urls': [{'url': 'https://t.co/Oj3fpm4uj9', 'expanded_url': 'http://apne.ws/05RayrJ', 'display_url': 'apne.ws/05RayrJ', 'indices': [256, 279]}], 'user_mentions': [], 'symbols': []}}",,AP,JanFeb2020
Thu Jan 23 03:53:45 +0000 2020,1220192873364193280,1220192873364193280,"China confirms first case of new coronavirus in Hong Kong while transportation is halted in Wuhan, the city of 11 m… https://t.co/o2Yl9B7Yp2","<a href=""http://www.socialflow.com"" rel=""nofollow"">SocialFlow</a>",True,,,,,,"{'id': 51241574, 'id_str': '51241574', 'name': 'The Associated Press', 'screen_name': 'AP', 'location': 'Global', 'url': 'https://apnews.com/', 'description': 'News from The Associated Press, and a taste of the great journalism produced by AP members and customers.', 'translator_type': 'none', 'protected': False, 'verified': True, 'followers_count': 15393579, 'friends_count': 6843, 'listed_count': 101973, 'favourites_count': 3675, 'statuses_count': 305428, 'created_at': 'Fri Jun 26 21:48:52 +0000 2009', 'utc_offset': None, 'time_zone': None, 'geo_enabled': False, 'lang': None, 'contributors_enabled': False, 'is_translator': False, 'profile_background_color': '333333', 'profile_background_image_url': 'http://abs.twimg.com/images/themes/theme1/bg.png', 'profile_background_image_url_https': 'https://abs.twimg.com/images/themes/theme1/bg.png', 'profile_background_tile': False, 'profile_link_color': 'CC3300', 'profile_sidebar_border_color': 'FFFFFF', 'profile_sidebar_fill_color': 'CCCCCC', 'profile_text_color': '333333', 'profile_use_background_image': True, 'profile_image_url': 'http://pbs.twimg.com/profile_images/461964160838803457/8z9FImcv_normal.png', 'profile_image_url_https': 'https://pbs.twimg.com/profile_images/461964160838803457/8z9FImcv_normal.png', 'profile_banner_url': 'https://pbs.twimg.com/profile_banners/51241574/1638483576', 'default_profile': False, 'default_profile_image': False, 'following': None, 'follow_request_sent': None, 'notifications': None, 'withheld_in_countries': []}",,,,,,False,33,38,194,213,"{'hashtags': [], 'urls': [{'url': 'https://t.co/o2Yl9B7Yp2', 'expanded_url': 'https://twitter.com/i/web/status/1220192873364193280', 'display_url': 'twitter.com/i/web/status/1…', 'indices': [117, 140]}], 'user_mentions': [], 'symbols': []}",False,False,low,en,[{'tag': None}],False,"{'full_text': ""China confirms first case of new coronavirus in Hong Kong while transportation is halted in Wuhan, the city of 11 million people that's been the epicenter of the outbreak. https://t.co/gCsfs22XKJ"", 'display_text_range': [0, 195], 'entities': {'hashtags': [], 'urls': [{'url': 'https://t.co/gCsfs22XKJ', 'expanded_url': 'http://apne.ws/x1E9qsL', 'display_url': 'apne.ws/x1E9qsL', 'indices': [172, 195]}], 'user_mentions': [], 'symbols': []}}",,AP,JanFeb2020
Wed Jan 22 11:26:18 +0000 2020,1219944371614887936,1219944371614887936,"Among #10ThingstoKnow: 
— Senate approves rules for President Trump's impeachment trial; 
— New cases of coronaviru… https://t.co/3Armlo0rV6","<a href=""http://www.socialflow.com"" rel=""nofollow"">SocialFlow</a>",True,,,,,,"{'id': 51241574, 'id_str': '51241574', 'name': 'The Associated Press', 'screen_name': 'AP', 'location': 'Global', 'url': 'https://apnews.com/', 'description': 'News from The Associated Press, and a taste of the great journalism produced by AP members and customers.', 'translator_type': 'none', 'protected': False, 'verified': True, 'followers_count': 15393579, 'friends_count': 6843, 'listed_count': 101973, 'favourites_count': 3675, 'statuses_count': 305428, 'created_at': 'Fri Jun 26 21:48:52 +0000 2009', 'utc_offset': None, 'time_zone': None, 'geo_enabled': False, 'lang': None, 'contributors_enabled': False, 'is_translator': False, 'profile_background_color': '333333', 'profile_background_image_url': 'http://abs.twimg.com/images/themes/theme1/bg.png', 'profile_background_image_url_https': 'https://abs.twimg.com/images/themes/theme1/bg.png', 'profile_background_tile': False, 'profile_link_color': 'CC3300', 'profile_sidebar_border_color': 'FFFFFF', 'profile_sidebar_fill_color': 'CCCCCC', 'profile_text_color': '333333', 'profile_use_background_image': True, 'profile_image_url': 'http://pbs.twimg.com/profile_images/461964160838803457/8z9FImcv_normal.png', 'profile_image_url_https': 'https://pbs.twimg.com/profile_images/461964160838803457/8z9FImcv_normal.png', 'profile_banner_url': 'https://pbs.twimg.com/profile_banners/51241574/1638483576', 'default_profile': False, 'default_profile_image': False, 'following': None, 'follow_request_sent': None, 'notifications': None, 'withheld_in_countries': []}",,,,,,False,1,2,37,43,"{'hashtags': [{'text': '10ThingstoKnow', 'indices': [6, 21]}], 'urls': [{'url': 'https://t.co/3Armlo0rV6', 'expanded_url': 'https://twitter.com/i/web/status/1219944371614887936', 'display_url': 'twitter.com/i/web/status/1…', 'indices': [117, 140]}], 'user_mentions': [], 'symbols': []}",False,False,low,en,[{'tag': None}],False,"{'full_text': ""Among #10ThingstoKnow: \n— Senate approves rules for President Trump's impeachment trial; \n— New cases of coronavirus rise sharply in China; \n— Harvey Weinstein's rape trial opens in New York City. \nhttps://t.co/wQ4mGXeAKR"", 'display_text_range': [0, 221], 'entities': {'hashtags': [{'text': '10ThingstoKnow', 'indices': [6, 21]}], 'urls': [{'url': 'https://t.co/wQ4mGXeAKR', 'expanded_url': 'http://apne.ws/EBhGAjF', 'display_url': 'apne.ws/EBhGAjF', 'indices': [198, 221]}], 'user_mentions': [], 'symbols': []}}",,AP,JanFeb2020
Mon Feb 17 14:43:55 +0000 2020,1229416190080143361,1229416190080143361,RT @AP_Europe: A Russian court sends a woman who escaped a locked hospital back into quarantine even though she says she tested negative fo…,"<a href=""http://www.socialflow.com"" rel=""nofollow"">SocialFlow</a>",False,,,,,,"{'id': 51241574, 'id_str': '51241574', 'name': 'The Associated Press', 'screen_name': 'AP', 'location': 'Global', 'url': 'https://apnews.com/', 'description': 'News from The Associated Press, and a taste of the great journalism produced by AP members and customers.', 'translator_type': 'none', 'protected': False, 'verified': True, 'followers_count': 15393579, 'friends_count': 6843, 'listed_count': 101973, 'favourites_count': 3675, 'statuses_count': 305428, 'created_at': 'Fri Jun 26 21:48:52 +0000 2009', 'utc_offset': None, 'time_zone': None, 'geo_enabled': False, 'lang': None, 'contributors_enabled': False, 'is_translator': False, 'profile_background_color': '333333', 'profile_background_image_url': 'http://abs.twimg.com/images/themes/theme1/bg.png', 'profile_background_image_url_https': 'https://abs.twimg.com/images/themes/theme1/bg.png', 'profile_background_tile': False, 'profile_link_color': 'CC3300', 'profile_sidebar_border_color': 'FFFFFF', 'profile_sidebar_fill_color': 'CCCCCC', 'profile_text_color': '333333', 'profile_use_background_image': True, 'profile_image_url': 'http://pbs.twimg.com/profile_images/461964160838803457/8z9FImcv_normal.png', 'profile_image_url_https': 'https://pbs.twimg.com/profile_images/461964160838803457/8z9FImcv_normal.png', 'profile_banner_url': 'https://pbs.twimg.com/profile_banners/51241574/1638483576', 'default_profile': False, 'default_profile_image': False, 'following': None, 'follow_request_sent': None, 'notifications': None, 'withheld_in_countries': []}",,,,,"{'created_at': 'Mon Feb 17 14:40:36 +0000 2020', 'id': 1229415353043865610, 'id_str': '1229415353043865610', 'text': 'A Russian court sends a woman who escaped a locked hospital back into quarantine even though she says she tested ne… https://t.co/tkxfCygXni', 'source': '<a href=""http://www.socialflow.com"" rel=""nofollow"">SocialFlow</a>', 'truncated': True, 'in_reply_to_status_id': None, 'in_reply_to_status_id_str': None, 'in_reply_to_user_id': None, 'in_reply_to_user_id_str': None, 'in_reply_to_screen_name': None, 'user': {'id': 834498430986809344, 'id_str': '834498430986809344', 'name': 'AP Europe', 'screen_name': 'AP_Europe', 'location': 'Europe', 'url': 'https://apnews.com/hub/europe', 'description': ""News from @AP's team of journalists in Europe. Header photo by @EmilioMorenatti of volcanic ash covering a house on La Palma in Spain's Canary Islands."", 'translator_type': 'none', 'protected': False, 'verified': True, 'followers_count': 25785, 'friends_count': 153, 'listed_count': 622, 'favourites_count': 2, 'statuses_count': 9401, 'created_at': 'Wed Feb 22 20:21:44 +0000 2017', 'utc_offset': None, 'time_zone': None, 'geo_enabled': False, 'lang': None, 'contributors_enabled': False, 'is_translator': False, 'profile_background_color': 'F5F8FA', 'profile_background_image_url': '', 'profile_background_image_url_https': '', 'profile_background_tile': False, 'profile_link_color': '1DA1F2', 'profile_sidebar_border_color': 'C0DEED', 'profile_sidebar_fill_color': 'DDEEF6', 'profile_text_color': '333333', 'profile_use_background_image': True, 'profile_image_url': 'http://pbs.twimg.com/profile_images/835057085951913986/mzyr24VC_normal.jpg', 'profile_image_url_https': 'https://pbs.twimg.com/profile_images/835057085951913986/mzyr24VC_normal.jpg', 'profile_banner_url': 'https://pbs.twimg.com/profile_banners/834498430986809344/1636026664', 'default_profile': True, 'default_profile_image': False, 'following': None, 'follow_request_sent': None, 'notifications': None, 'withheld_in_countries': []}, 'geo': None, 'coordinates': None, 'place': None, 'contributors': None, 'is_quote_status': False, 'extended_tweet': {'full_text': 'A Russian court sends a woman who escaped a locked hospital back into quarantine even though she says she tested negative for the COVID-19 virus and has been out free for 10 days. https://t.co/WgDE8kqA8x', 'display_text_range': [0, 203], 'entities': {'hashtags': [], 'urls': [{'url': 'https://t.co/WgDE8kqA8x', 'expanded_url': 'http://apne.ws/Z8Xhrun', 'display_url': 'apne.ws/Z8Xhrun', 'indices': [180, 203]}], 'user_mentions': [], 'symbols': []}}, 'quote_count': 1, 'reply_count': 5, 'retweet_count': 39, 'favorite_count': 48, 'entities': {'hashtags': [], 'urls': [{'url': 'https://t.co/tkxfCygXni', 'expanded_url': 'https://twitter.com/i/web/status/1229415353043865610', 'display_url': 'twitter.com/i/web/status/1…', 'indices': [117, 140]}], 'user_mentions': [], 'symbols': []}, 'favorited': False, 'retweeted': False, 'possibly_sensitive': False, 'filter_level': 'low', 'lang': 'en'}",False,0,0,0,0,"{'hashtags': [], 'urls': [], 'user_mentions': [{'screen_name': 'AP_Europe', 'name': 'AP Europe', 'id': 834498430986809344, 'id_str': '834498430986809344', 'indices': [3, 13]}], 'symbols': []}",False,False,low,en,[{'tag': None}],,,,AP,JanFeb2020
Mon Feb 17 10:00:00 +0000 2020,1229344737771098114,1229344737771098114,"Japanese officials have confirmed 99 more people have been infected by the new COVID-19 virus, caused by the virus… https://t.co/l4sxPHw5t3","<a href=""http://www.socialflow.com"" rel=""nofollow"">SocialFlow</a>",True,,,,,,"{'id': 51241574, 'id_str': '51241574', 'name': 'The Associated Press', 'screen_name': 'AP', 'location': 'Global', 'url': 'https://apnews.com/', 'description': 'News from The Associated Press, and a taste of the great journalism produced by AP members and customers.', 'translator_type': 'none', 'protected': False, 'verified': True, 'followers_count': 15393579, 'friends_count': 6843, 'listed_count': 101973, 'favourites_count': 3675, 'statuses_count': 305428, 'created_at': 'Fri Jun 26 21:48:52 +0000 2009', 'utc_offset': None, 'time_zone': None, 'geo_enabled': False, 'lang': None, 'contributors_enabled': False, 'is_translator': False, 'profile_background_color': '333333', 'profile_background_image_url': 'http://abs.twimg.com/images/themes/theme1/bg.png', 'profile_background_image_url_https': 'https://abs.twimg.com/images/themes/theme1/bg.png', 'profile_background_tile': False, 'profile_link_color': 'CC3300', 'profile_sidebar_border_color': 'FFFFFF', 'profile_sidebar_fill_color': 'CCCCCC', 'profile_text_color': '333333', 'profile_use_background_image': True, 'profile_image_url': 'http://pbs.twimg.com/profile_images/461964160838803457/8z9FImcv_normal.png', 'profile_image_url_https': 'https://pbs.twimg.com/profile_images/461964160838803457/8z9FImcv_normal.png', 'profile_banner_url': 'https://pbs.twimg.com/profile_banners/51241574/1638483576', 'default_profile': False, 'default_profile_image': False, 'following': None, 'follow_request_sent': None, 'notifications': None, 'withheld_in_countries': []}",,,,,,False,11,13,88,98,"{'hashtags': [], 'urls': [{'url': 'https://t.co/l4sxPHw5t3', 'expanded_url': 'https://twitter.com/i/web/status/1229344737771098114', 'display_url': 'twitter.com/i/web/status/1…', 'indices': [116, 139]}], 'user_mentions': [], 'symbols': []}",False,False,low,en,[{'tag': None}],False,"{'full_text': 'Japanese officials have confirmed 99 more people have been infected by the new COVID-19 virus, caused by the virus that emerged in China late last year, aboard the quarantined cruise ship Diamond Princess, bringing the total to 454. https://t.co/4LTDUOpzgf', 'display_text_range': [0, 256], 'entities': {'hashtags': [], 'urls': [{'url': 'https://t.co/4LTDUOpzgf', 'expanded_url': 'http://apne.ws/6DbMRGT', 'display_url': 'apne.ws/6DbMRGT', 'indices': [233, 256]}], 'user_mentions': [], 'symbols': []}}",,AP,JanFeb2020
Thu Feb 13 09:34:38 +0000 2020,1227888802053738497,1227888802053738497,RT @AP_Europe: European Union health ministers are holding an emergency meeting  on how to prevent the COVID-19 virus from further spreadin…,"<a href=""http://www.socialflow.com"" rel=""nofollow"">SocialFlow</a>",False,,,,,,"{'id': 51241574, 'id_str': '51241574', 'name': 'The Associated Press', 'screen_name': 'AP', 'location': 'Global', 'url': 'https://apnews.com/', 'description': 'News from The Associated Press, and a taste of the great journalism produced by AP members and customers.', 'translator_type': 'none', 'protected': False, 'verified': True, 'followers_count': 15393579, 'friends_count': 6843, 'listed_count': 101973, 'favourites_count': 3675, 'statuses_count': 305428, 'created_at': 'Fri Jun 26 21:48:52 +0000 2009', 'utc_offset': None, 'time_zone': None, 'geo_enabled': False, 'lang': None, 'contributors_enabled': False, 'is_translator': False, 'profile_background_color': '333333', 'profile_background_image_url': 'http://abs.twimg.com/images/themes/theme1/bg.png', 'profile_background_image_url_https': 'https://abs.twimg.com/images/themes/theme1/bg.png', 'profile_background_tile': False, 'profile_link_color': 'CC3300', 'profile_sidebar_border_color': 'FFFFFF', 'profile_sidebar_fill_color': 'CCCCCC', 'profile_text_color': '333333', 'profile_use_background_image': True, 'profile_image_url': 'http://pbs.twimg.com/profile_images/461964160838803457/8z9FImcv_normal.png', 'profile_image_url_https': 'https://pbs.twimg.com/profile_images/461964160838803457/8z9FImcv_normal.png', 'profile_banner_url': 'https://pbs.twimg.com/profile_banners/51241574/1638483576', 'default_profile': False, 'default_profile_image': False, 'following': None, 'follow_request_sent': None, 'notifications': None, 'withheld_in_countries': []}",,,,,"{'created_at': 'Thu Feb 13 09:31:04 +0000 2020', 'id': 1227887906028691457, 'id_str': '1227887906028691457', 'text': 'European Union health ministers are holding an emergency meeting  on how to prevent the COVID-19 virus from further… https://t.co/ZJZOcfCyt0', 'source': '<a href=""http://www.socialflow.com"" rel=""nofollow"">SocialFlow</a>', 'truncated': True, 'in_reply_to_status_id': None, 'in_reply_to_status_id_str': None, 'in_reply_to_user_id': None, 'in_reply_to_user_id_str': None, 'in_reply_to_screen_name': None, 'user': {'id': 834498430986809344, 'id_str': '834498430986809344', 'name': 'AP Europe', 'screen_name': 'AP_Europe', 'location': 'Europe', 'url': 'https://apnews.com/hub/europe', 'description': ""News from @AP's team of journalists in Europe. Header photo by @EmilioMorenatti of volcanic ash covering a house on La Palma in Spain's Canary Islands."", 'translator_type': 'none', 'protected': False, 'verified': True, 'followers_count': 25785, 'friends_count': 153, 'listed_count': 622, 'favourites_count': 2, 'statuses_count': 9401, 'created_at': 'Wed Feb 22 20:21:44 +0000 2017', 'utc_offset': None, 'time_zone': None, 'geo_enabled': False, 'lang': None, 'contributors_enabled': False, 'is_translator': False, 'profile_background_color': 'F5F8FA', 'profile_background_image_url': '', 'profile_background_image_url_https': '', 'profile_background_tile': False, 'profile_link_color': '1DA1F2', 'profile_sidebar_border_color': 'C0DEED', 'profile_sidebar_fill_color': 'DDEEF6', 'profile_text_color': '333333', 'profile_use_background_image': True, 'profile_image_url': 'http://pbs.twimg.com/profile_images/835057085951913986/mzyr24VC_normal.jpg', 'profile_image_url_https': 'https://pbs.twimg.com/profile_images/835057085951913986/mzyr24VC_normal.jpg', 'profile_banner_url': 'https://pbs.twimg.com/profile_banners/834498430986809344/1636026664', 'default_profile': True, 'default_profile_image': False, 'following': None, 'follow_request_sent': None, 'notifications': None, 'withheld_in_countries': []}, 'geo': None, 'coordinates': None, 'place': None, 'contributors': None, 'is_quote_status': False, 'extended_tweet': {'full_text': 'European Union health ministers are holding an emergency meeting  on how to prevent the COVID-19 virus from further spreading across Europe. https://t.co/cEBOfGFxoF', 'display_text_range': [0, 164], 'entities': {'hashtags': [], 'urls': [{'url': 'https://t.co/cEBOfGFxoF', 'expanded_url': 'http://apne.ws/ExJPW14', 'display_url': 'apne.ws/ExJPW14', 'indices': [141, 164]}], 'user_mentions': [], 'symbols': []}}, 'quote_count': 2, 'reply_count': 11, 'retweet_count': 45, 'favorite_count': 69, 'entities': {'hashtags': [], 'urls': [{'url': 'https://t.co/ZJZOcfCyt0', 'expanded_url': 'https://twitter.com/i/web/status/1227887906028691457', 'display_url': 'twitter.com/i/web/status/1…', 'indices': [117, 140]}], 'user_mentions': [], 'symbols': []}, 'favorited': False, 'retweeted': False, 'possibly_sensitive': False, 'filter_level': 'low', 'lang': 'en'}",False,0,0,0,0,"{'hashtags': [], 'urls': [], 'user_mentions': [{'screen_name': 'AP_Europe', 'name': 'AP Europe', 'id': 834498430986809344, 'id_str': '834498430986809344', 'indices': [3, 13]}], 'symbols': []}",False,False,low,en,[{'tag': None}],,,,AP,JanFeb2020
Thu Feb 13 04:11:53 +0000 2020,1227807579000180738,1227807579000180738,Japan’s health ministry says 44 more people on a quarantined cruise ship have tested positive for the virus that ca… https://t.co/ymR4EQ0CUM,"<a href=""http://www.socialflow.com"" rel=""nofollow"">SocialFlow</a>",True,,,,,,"{'id': 51241574, 'id_str': '51241574', 'name': 'The Associated Press', 'screen_name': 'AP', 'location': 'Global', 'url': 'https://apnews.com/', 'description': 'News from The Associated Press, and a taste of the great journalism produced by AP members and customers.', 'translator_type': 'none', 'protected': False, 'verified': True, 'followers_count': 15393579, 'friends_count': 6843, 'listed_count': 101973, 'favourites_count': 3675, 'statuses_count': 305428, 'created_at': 'Fri Jun 26 21:48:52 +0000 2009', 'utc_offset': None, 'time_zone': None, 'geo_enabled': False, 'lang': None, 'contributors_enabled': False, 'is_translator': False, 'profile_background_color': '333333', 'profile_background_image_url': 'http://abs.twimg.com/images/themes/theme1/bg.png', 'profile_background_image_url_https': 'https://abs.twimg.com/images/themes/theme1/bg.png', 'profile_background_tile': False, 'profile_link_color': 'CC3300', 'profile_sidebar_border_color': 'FFFFFF', 'profile_sidebar_fill_color': 'CCCCCC', 'profile_text_color': '333333', 'profile_use_background_image': True, 'profile_image_url': 'http://pbs.twimg.com/profile_images/461964160838803457/8z9FImcv_normal.png', 'profile_image_url_https': 'https://pbs.twimg.com/profile_images/461964160838803457/8z9FImcv_normal.png', 'profile_banner_url': 'https://pbs.twimg.com/profile_banners/51241574/1638483576', 'default_profile': False, 'default_profile_image': False, 'following': None, 'follow_request_sent': None, 'notifications': None, 'withheld_in_countries': []}",,,,,,False,15,28,111,112,"{'hashtags': [], 'urls': [{'url': 'https://t.co/ymR4EQ0CUM', 'expanded_url': 'https://twitter.com/i/web/status/1227807579000180738', 'display_url': 'twitter.com/i/web/status/1…', 'indices': [117, 140]}], 'user_mentions': [], 'symbols': []}",False,False,low,en,[{'tag': None}],False,"{'full_text': 'Japan’s health ministry says 44 more people on a quarantined cruise ship have tested positive for the virus that causes the new disease known as COVID-19. https://t.co/ze62eXcBBA', 'display_text_range': [0, 178], 'entities': {'hashtags': [], 'urls': [{'url': 'https://t.co/ze62eXcBBA', 'expanded_url': 'http://apne.ws/XaRkJv2', 'display_url': 'apne.ws/XaRkJv2', 'indices': [155, 178]}], 'user_mentions': [], 'symbols': []}}",,AP,JanFeb2020
