created_at,id,id_str,text,source,truncated,in_reply_to_status_id,in_reply_to_status_id_str,in_reply_to_user_id,in_reply_to_user_id_str,in_reply_to_screen_name,user,geo,coordinates,place,contributors,is_quote_status,quote_count,reply_count,retweet_count,favorite_count,entities,favorited,retweeted,possibly_sensitive,filter_level,lang,matching_rules,retweeted_status,display_text_range,extended_tweet
Mon Oct 19 21:56:24 +0000 2020,1318310054383308801,1318310054383308801,Who does China really want to win the US presidential election? https://t.co/SkQMQfQxXf,"<a href=""http://www.socialflow.com"" rel=""nofollow"">SocialFlow</a>",False,,,,,,"{'id': 742143, 'id_str': '742143', 'name': 'BBC News (World)', 'screen_name': 'BBCWorld', 'location': 'London, UK', 'url': 'http://www.bbc.com/news', 'description': ""News, features and analysis from the World's newsroom. Breaking news, follow @BBCBreaking. UK news, @BBCNews. Latest sports news @BBCSport"", 'translator_type': 'none', 'protected': False, 'verified': True, 'followers_count': 33875224, 'friends_count': 18, 'listed_count': 127063, 'favourites_count': 13, 'statuses_count': 339373, 'created_at': 'Thu Feb 01 07:44:29 +0000 2007', 'utc_offset': None, 'time_zone': None, 'geo_enabled': True, 'lang': None, 'contributors_enabled': False, 'is_translator': False, 'profile_background_color': 'FFFFFF', 'profile_background_image_url': 'http://abs.twimg.com/images/themes/theme1/bg.png', 'profile_background_image_url_https': 'https://abs.twimg.com/images/themes/theme1/bg.png', 'profile_background_tile': False, 'profile_link_color': '1F527B', 'profile_sidebar_border_color': 'FFFFFF', 'profile_sidebar_fill_color': 'FFFFFF', 'profile_text_color': '5A5A5A', 'profile_use_background_image': True, 'profile_image_url': 'http://pbs.twimg.com/profile_images/1150717770478379008/8-XiwK-s_normal.png', 'profile_image_url_https': 'https://pbs.twimg.com/profile_images/1150717770478379008/8-XiwK-s_normal.png', 'profile_banner_url': 'https://pbs.twimg.com/profile_banners/742143/1621582392', 'default_profile': False, 'default_profile_image': False, 'following': None, 'follow_request_sent': None, 'notifications': None, 'withheld_in_countries': []}",,,,,False,72,375,176,832,"{'hashtags': [], 'urls': [{'url': 'https://t.co/SkQMQfQxXf', 'expanded_url': 'https://bbc.in/3jb4lgf', 'display_url': 'bbc.in/3jb4lgf', 'indices': [64, 87]}], 'user_mentions': [], 'symbols': []}",False,False,False,low,en,[{'tag': None}],,,
Mon Oct 19 16:45:29 +0000 2020,1318231808736186368,1318231808736186368,China-Taiwan tensions erupt over diplomats' fight in Fiji https://t.co/4TsBYBK0Gh,"<a href=""http://www.socialflow.com"" rel=""nofollow"">SocialFlow</a>",False,,,,,,"{'id': 742143, 'id_str': '742143', 'name': 'BBC News (World)', 'screen_name': 'BBCWorld', 'location': 'London, UK', 'url': 'http://www.bbc.com/news', 'description': ""News, features and analysis from the World's newsroom. Breaking news, follow @BBCBreaking. UK news, @BBCNews. Latest sports news @BBCSport"", 'translator_type': 'none', 'protected': False, 'verified': True, 'followers_count': 33875224, 'friends_count': 18, 'listed_count': 127063, 'favourites_count': 13, 'statuses_count': 339373, 'created_at': 'Thu Feb 01 07:44:29 +0000 2007', 'utc_offset': None, 'time_zone': None, 'geo_enabled': True, 'lang': None, 'contributors_enabled': False, 'is_translator': False, 'profile_background_color': 'FFFFFF', 'profile_background_image_url': 'http://abs.twimg.com/images/themes/theme1/bg.png', 'profile_background_image_url_https': 'https://abs.twimg.com/images/themes/theme1/bg.png', 'profile_background_tile': False, 'profile_link_color': '1F527B', 'profile_sidebar_border_color': 'FFFFFF', 'profile_sidebar_fill_color': 'FFFFFF', 'profile_text_color': '5A5A5A', 'profile_use_background_image': True, 'profile_image_url': 'http://pbs.twimg.com/profile_images/1150717770478379008/8-XiwK-s_normal.png', 'profile_image_url_https': 'https://pbs.twimg.com/profile_images/1150717770478379008/8-XiwK-s_normal.png', 'profile_banner_url': 'https://pbs.twimg.com/profile_banners/742143/1621582392', 'default_profile': False, 'default_profile_image': False, 'following': None, 'follow_request_sent': None, 'notifications': None, 'withheld_in_countries': []}",,,,,False,15,34,90,221,"{'hashtags': [], 'urls': [{'url': 'https://t.co/4TsBYBK0Gh', 'expanded_url': 'https://bbc.in/3kdF32A', 'display_url': 'bbc.in/3kdF32A', 'indices': [58, 81]}], 'user_mentions': [], 'symbols': []}",False,False,False,low,en,[{'tag': None}],,,
Sun Oct 18 07:18:49 +0000 2020,1317726813205004288,1317726813205004288,"RT @BBCWorld: Hundreds of people have been queuing outside a hospital in Yiwu, China for an experimental coronavirus vaccine

https://t.co/…","<a href=""https://about.twitter.com/products/tweetdeck"" rel=""nofollow"">TweetDeck</a>",False,,,,,,"{'id': 742143, 'id_str': '742143', 'name': 'BBC News (World)', 'screen_name': 'BBCWorld', 'location': 'London, UK', 'url': 'http://www.bbc.com/news', 'description': ""News, features and analysis from the World's newsroom. Breaking news, follow @BBCBreaking. UK news, @BBCNews. Latest sports news @BBCSport"", 'translator_type': 'none', 'protected': False, 'verified': True, 'followers_count': 33875224, 'friends_count': 18, 'listed_count': 127063, 'favourites_count': 13, 'statuses_count': 339373, 'created_at': 'Thu Feb 01 07:44:29 +0000 2007', 'utc_offset': None, 'time_zone': None, 'geo_enabled': True, 'lang': None, 'contributors_enabled': False, 'is_translator': False, 'profile_background_color': 'FFFFFF', 'profile_background_image_url': 'http://abs.twimg.com/images/themes/theme1/bg.png', 'profile_background_image_url_https': 'https://abs.twimg.com/images/themes/theme1/bg.png', 'profile_background_tile': False, 'profile_link_color': '1F527B', 'profile_sidebar_border_color': 'FFFFFF', 'profile_sidebar_fill_color': 'FFFFFF', 'profile_text_color': '5A5A5A', 'profile_use_background_image': True, 'profile_image_url': 'http://pbs.twimg.com/profile_images/1150717770478379008/8-XiwK-s_normal.png', 'profile_image_url_https': 'https://pbs.twimg.com/profile_images/1150717770478379008/8-XiwK-s_normal.png', 'profile_banner_url': 'https://pbs.twimg.com/profile_banners/742143/1621582392', 'default_profile': False, 'default_profile_image': False, 'following': None, 'follow_request_sent': None, 'notifications': None, 'withheld_in_countries': []}",,,,,False,0,0,0,0,"{'hashtags': [], 'urls': [], 'user_mentions': [{'screen_name': 'BBCWorld', 'name': 'BBC News (World)', 'id': 742143, 'id_str': '742143', 'indices': [3, 12]}], 'symbols': []}",False,False,,low,en,[{'tag': None}],"{'created_at': 'Sat Oct 17 22:48:39 +0000 2020', 'id': 1317598428776497158, 'id_str': '1317598428776497158', 'text': 'Hundreds of people have been queuing outside a hospital in Yiwu, China for an experimental coronavirus vaccine… https://t.co/8RTheblFbD', 'display_text_range': [0, 140], 'source': '<a href=""http://www.socialflow.com"" rel=""nofollow"">SocialFlow</a>', 'truncated': True, 'in_reply_to_status_id': None, 'in_reply_to_status_id_str': None, 'in_reply_to_user_id': None, 'in_reply_to_user_id_str': None, 'in_reply_to_screen_name': None, 'user': {'id': 742143, 'id_str': '742143', 'name': 'BBC News (World)', 'screen_name': 'BBCWorld', 'location': 'London, UK', 'url': 'http://www.bbc.com/news', 'description': ""News, features and analysis from the World's newsroom. Breaking news, follow @BBCBreaking. UK news, @BBCNews. Latest sports news @BBCSport"", 'translator_type': 'none', 'protected': False, 'verified': True, 'followers_count': 33875224, 'friends_count': 18, 'listed_count': 127063, 'favourites_count': 13, 'statuses_count': 339373, 'created_at': 'Thu Feb 01 07:44:29 +0000 2007', 'utc_offset': None, 'time_zone': None, 'geo_enabled': True, 'lang': None, 'contributors_enabled': False, 'is_translator': False, 'profile_background_color': 'FFFFFF', 'profile_background_image_url': 'http://abs.twimg.com/images/themes/theme1/bg.png', 'profile_background_image_url_https': 'https://abs.twimg.com/images/themes/theme1/bg.png', 'profile_background_tile': False, 'profile_link_color': '1F527B', 'profile_sidebar_border_color': 'FFFFFF', 'profile_sidebar_fill_color': 'FFFFFF', 'profile_text_color': '5A5A5A', 'profile_use_background_image': True, 'profile_image_url': 'http://pbs.twimg.com/profile_images/1150717770478379008/8-XiwK-s_normal.png', 'profile_image_url_https': 'https://pbs.twimg.com/profile_images/1150717770478379008/8-XiwK-s_normal.png', 'profile_banner_url': 'https://pbs.twimg.com/profile_banners/742143/1621582392', 'default_profile': False, 'default_profile_image': False, 'following': None, 'follow_request_sent': None, 'notifications': None, 'withheld_in_countries': []}, 'geo': None, 'coordinates': None, 'place': None, 'contributors': None, 'is_quote_status': False, 'extended_tweet': {'full_text': 'Hundreds of people have been queuing outside a hospital in Yiwu, China for an experimental coronavirus vaccine\n\nhttps://t.co/jOXY3TACi0 https://t.co/XABr9THiph', 'display_text_range': [0, 135], 'entities': {'hashtags': [], 'urls': [{'url': 'https://t.co/jOXY3TACi0', 'expanded_url': 'https://bbc.in/3k9sQMi', 'display_url': 'bbc.in/3k9sQMi', 'indices': [112, 135]}], 'user_mentions': [], 'symbols': [], 'media': [{'id': 1317593594094551042, 'id_str': '1317593594094551042', 'indices': [136, 159], 'additional_media_info': {'monetizable': False}, 'media_url': 'http://pbs.twimg.com/amplify_video_thumb/1317593594094551042/img/uJ-hfpm2vyCc-pLw.jpg', 'media_url_https': 'https://pbs.twimg.com/amplify_video_thumb/1317593594094551042/img/uJ-hfpm2vyCc-pLw.jpg', 'url': 'https://t.co/XABr9THiph', 'display_url': 'pic.twitter.com/XABr9THiph', 'expanded_url': 'https://twitter.com/BBCWorld/status/1317598428776497158/video/1', 'type': 'video', 'video_info': {'aspect_ratio': [9, 16], 'duration_millis': 70160, 'variants': [{'bitrate': 832000, 'content_type': 'video/mp4', 'url': 'https://video.twimg.com/amplify_video/1317593594094551042/vid/360x640/pS-jH6FRMQw4_Atq.mp4?tag=13'}, {'content_type': 'application/x-mpegURL', 'url': 'https://video.twimg.com/amplify_video/1317593594094551042/pl/Gpvg7OL8iG8Rz2wB.m3u8?tag=13'}, {'bitrate': 2176000, 'content_type': 'video/mp4', 'url': 'https://video.twimg.com/amplify_video/1317593594094551042/vid/720x1280/I0jVY0R4g_EEwbqm.mp4?tag=13'}, {'bitrate': 632000, 'content_type': 'video/mp4', 'url': 'https://video.twimg.com/amplify_video/1317593594094551042/vid/320x568/IAucJE1T1nOooMF8.mp4?tag=13'}]}, 'sizes': {'thumb': {'w': 150, 'h': 150, 'resize': 'crop'}, 'small': {'w': 383, 'h': 680, 'resize': 'fit'}, 'large': {'w': 720, 'h': 1280, 'resize': 'fit'}, 'medium': {'w': 675, 'h': 1200, 'resize': 'fit'}}}]}, 'extended_entities': {'media': [{'id': 1317593594094551042, 'id_str': '1317593594094551042', 'indices': [136, 159], 'additional_media_info': {'monetizable': False}, 'media_url': 'http://pbs.twimg.com/amplify_video_thumb/1317593594094551042/img/uJ-hfpm2vyCc-pLw.jpg', 'media_url_https': 'https://pbs.twimg.com/amplify_video_thumb/1317593594094551042/img/uJ-hfpm2vyCc-pLw.jpg', 'url': 'https://t.co/XABr9THiph', 'display_url': 'pic.twitter.com/XABr9THiph', 'expanded_url': 'https://twitter.com/BBCWorld/status/1317598428776497158/video/1', 'type': 'video', 'video_info': {'aspect_ratio': [9, 16], 'duration_millis': 70160, 'variants': [{'bitrate': 832000, 'content_type': 'video/mp4', 'url': 'https://video.twimg.com/amplify_video/1317593594094551042/vid/360x640/pS-jH6FRMQw4_Atq.mp4?tag=13'}, {'content_type': 'application/x-mpegURL', 'url': 'https://video.twimg.com/amplify_video/1317593594094551042/pl/Gpvg7OL8iG8Rz2wB.m3u8?tag=13'}, {'bitrate': 2176000, 'content_type': 'video/mp4', 'url': 'https://video.twimg.com/amplify_video/1317593594094551042/vid/720x1280/I0jVY0R4g_EEwbqm.mp4?tag=13'}, {'bitrate': 632000, 'content_type': 'video/mp4', 'url': 'https://video.twimg.com/amplify_video/1317593594094551042/vid/320x568/IAucJE1T1nOooMF8.mp4?tag=13'}]}, 'sizes': {'thumb': {'w': 150, 'h': 150, 'resize': 'crop'}, 'small': {'w': 383, 'h': 680, 'resize': 'fit'}, 'large': {'w': 720, 'h': 1280, 'resize': 'fit'}, 'medium': {'w': 675, 'h': 1200, 'resize': 'fit'}}}]}}, 'quote_count': 77, 'reply_count': 165, 'retweet_count': 314, 'favorite_count': 639, 'entities': {'hashtags': [], 'urls': [{'url': 'https://t.co/8RTheblFbD', 'expanded_url': 'https://twitter.com/i/web/status/1317598428776497158', 'display_url': 'twitter.com/i/web/status/1…', 'indices': [112, 135]}], 'user_mentions': [], 'symbols': []}, 'favorited': False, 'retweeted': False, 'possibly_sensitive': False, 'filter_level': 'low', 'lang': 'en'}",,
Sat Oct 17 22:48:39 +0000 2020,1317598428776497158,1317598428776497158,"Hundreds of people have been queuing outside a hospital in Yiwu, China for an experimental coronavirus vaccine… https://t.co/8RTheblFbD","<a href=""http://www.socialflow.com"" rel=""nofollow"">SocialFlow</a>",True,,,,,,"{'id': 742143, 'id_str': '742143', 'name': 'BBC News (World)', 'screen_name': 'BBCWorld', 'location': 'London, UK', 'url': 'http://www.bbc.com/news', 'description': ""News, features and analysis from the World's newsroom. Breaking news, follow @BBCBreaking. UK news, @BBCNews. Latest sports news @BBCSport"", 'translator_type': 'none', 'protected': False, 'verified': True, 'followers_count': 33875224, 'friends_count': 18, 'listed_count': 127063, 'favourites_count': 13, 'statuses_count': 339373, 'created_at': 'Thu Feb 01 07:44:29 +0000 2007', 'utc_offset': None, 'time_zone': None, 'geo_enabled': True, 'lang': None, 'contributors_enabled': False, 'is_translator': False, 'profile_background_color': 'FFFFFF', 'profile_background_image_url': 'http://abs.twimg.com/images/themes/theme1/bg.png', 'profile_background_image_url_https': 'https://abs.twimg.com/images/themes/theme1/bg.png', 'profile_background_tile': False, 'profile_link_color': '1F527B', 'profile_sidebar_border_color': 'FFFFFF', 'profile_sidebar_fill_color': 'FFFFFF', 'profile_text_color': '5A5A5A', 'profile_use_background_image': True, 'profile_image_url': 'http://pbs.twimg.com/profile_images/1150717770478379008/8-XiwK-s_normal.png', 'profile_image_url_https': 'https://pbs.twimg.com/profile_images/1150717770478379008/8-XiwK-s_normal.png', 'profile_banner_url': 'https://pbs.twimg.com/profile_banners/742143/1621582392', 'default_profile': False, 'default_profile_image': False, 'following': None, 'follow_request_sent': None, 'notifications': None, 'withheld_in_countries': []}",,,,,False,77,165,314,639,"{'hashtags': [], 'urls': [{'url': 'https://t.co/8RTheblFbD', 'expanded_url': 'https://twitter.com/i/web/status/1317598428776497158', 'display_url': 'twitter.com/i/web/status/1…', 'indices': [112, 135]}], 'user_mentions': [], 'symbols': []}",False,False,False,low,en,[{'tag': None}],,"[0, 140]","{'full_text': 'Hundreds of people have been queuing outside a hospital in Yiwu, China for an experimental coronavirus vaccine\n\nhttps://t.co/jOXY3TACi0 https://t.co/XABr9THiph', 'display_text_range': [0, 135], 'entities': {'hashtags': [], 'urls': [{'url': 'https://t.co/jOXY3TACi0', 'expanded_url': 'https://bbc.in/3k9sQMi', 'display_url': 'bbc.in/3k9sQMi', 'indices': [112, 135]}], 'user_mentions': [], 'symbols': [], 'media': [{'id': 1317593594094551042, 'id_str': '1317593594094551042', 'indices': [136, 159], 'additional_media_info': {'monetizable': False}, 'media_url': 'http://pbs.twimg.com/amplify_video_thumb/1317593594094551042/img/uJ-hfpm2vyCc-pLw.jpg', 'media_url_https': 'https://pbs.twimg.com/amplify_video_thumb/1317593594094551042/img/uJ-hfpm2vyCc-pLw.jpg', 'url': 'https://t.co/XABr9THiph', 'display_url': 'pic.twitter.com/XABr9THiph', 'expanded_url': 'https://twitter.com/BBCWorld/status/1317598428776497158/video/1', 'type': 'video', 'video_info': {'aspect_ratio': [9, 16], 'duration_millis': 70160, 'variants': [{'bitrate': 832000, 'content_type': 'video/mp4', 'url': 'https://video.twimg.com/amplify_video/1317593594094551042/vid/360x640/pS-jH6FRMQw4_Atq.mp4?tag=13'}, {'content_type': 'application/x-mpegURL', 'url': 'https://video.twimg.com/amplify_video/1317593594094551042/pl/Gpvg7OL8iG8Rz2wB.m3u8?tag=13'}, {'bitrate': 2176000, 'content_type': 'video/mp4', 'url': 'https://video.twimg.com/amplify_video/1317593594094551042/vid/720x1280/I0jVY0R4g_EEwbqm.mp4?tag=13'}, {'bitrate': 632000, 'content_type': 'video/mp4', 'url': 'https://video.twimg.com/amplify_video/1317593594094551042/vid/320x568/IAucJE1T1nOooMF8.mp4?tag=13'}]}, 'sizes': {'thumb': {'w': 150, 'h': 150, 'resize': 'crop'}, 'small': {'w': 383, 'h': 680, 'resize': 'fit'}, 'large': {'w': 720, 'h': 1280, 'resize': 'fit'}, 'medium': {'w': 675, 'h': 1200, 'resize': 'fit'}}}]}, 'extended_entities': {'media': [{'id': 1317593594094551042, 'id_str': '1317593594094551042', 'indices': [136, 159], 'additional_media_info': {'monetizable': False}, 'media_url': 'http://pbs.twimg.com/amplify_video_thumb/1317593594094551042/img/uJ-hfpm2vyCc-pLw.jpg', 'media_url_https': 'https://pbs.twimg.com/amplify_video_thumb/1317593594094551042/img/uJ-hfpm2vyCc-pLw.jpg', 'url': 'https://t.co/XABr9THiph', 'display_url': 'pic.twitter.com/XABr9THiph', 'expanded_url': 'https://twitter.com/BBCWorld/status/1317598428776497158/video/1', 'type': 'video', 'video_info': {'aspect_ratio': [9, 16], 'duration_millis': 70160, 'variants': [{'bitrate': 832000, 'content_type': 'video/mp4', 'url': 'https://video.twimg.com/amplify_video/1317593594094551042/vid/360x640/pS-jH6FRMQw4_Atq.mp4?tag=13'}, {'content_type': 'application/x-mpegURL', 'url': 'https://video.twimg.com/amplify_video/1317593594094551042/pl/Gpvg7OL8iG8Rz2wB.m3u8?tag=13'}, {'bitrate': 2176000, 'content_type': 'video/mp4', 'url': 'https://video.twimg.com/amplify_video/1317593594094551042/vid/720x1280/I0jVY0R4g_EEwbqm.mp4?tag=13'}, {'bitrate': 632000, 'content_type': 'video/mp4', 'url': 'https://video.twimg.com/amplify_video/1317593594094551042/vid/320x568/IAucJE1T1nOooMF8.mp4?tag=13'}]}, 'sizes': {'thumb': {'w': 150, 'h': 150, 'resize': 'crop'}, 'small': {'w': 383, 'h': 680, 'resize': 'fit'}, 'large': {'w': 720, 'h': 1280, 'resize': 'fit'}, 'medium': {'w': 675, 'h': 1200, 'resize': 'fit'}}}]}}"
Sat Oct 17 14:57:27 +0000 2020,1317479847728500740,1317479847728500740,Prominent Hong Kong protester Alexandra Wong makes first public appearance in 14 months - and tells media she was h… https://t.co/vbXfeJW2vm,"<a href=""http://www.socialflow.com"" rel=""nofollow"">SocialFlow</a>",True,,,,,,"{'id': 742143, 'id_str': '742143', 'name': 'BBC News (World)', 'screen_name': 'BBCWorld', 'location': 'London, UK', 'url': 'http://www.bbc.com/news', 'description': ""News, features and analysis from the World's newsroom. Breaking news, follow @BBCBreaking. UK news, @BBCNews. Latest sports news @BBCSport"", 'translator_type': 'none', 'protected': False, 'verified': True, 'followers_count': 33875224, 'friends_count': 18, 'listed_count': 127063, 'favourites_count': 13, 'statuses_count': 339373, 'created_at': 'Thu Feb 01 07:44:29 +0000 2007', 'utc_offset': None, 'time_zone': None, 'geo_enabled': True, 'lang': None, 'contributors_enabled': False, 'is_translator': False, 'profile_background_color': 'FFFFFF', 'profile_background_image_url': 'http://abs.twimg.com/images/themes/theme1/bg.png', 'profile_background_image_url_https': 'https://abs.twimg.com/images/themes/theme1/bg.png', 'profile_background_tile': False, 'profile_link_color': '1F527B', 'profile_sidebar_border_color': 'FFFFFF', 'profile_sidebar_fill_color': 'FFFFFF', 'profile_text_color': '5A5A5A', 'profile_use_background_image': True, 'profile_image_url': 'http://pbs.twimg.com/profile_images/1150717770478379008/8-XiwK-s_normal.png', 'profile_image_url_https': 'https://pbs.twimg.com/profile_images/1150717770478379008/8-XiwK-s_normal.png', 'profile_banner_url': 'https://pbs.twimg.com/profile_banners/742143/1621582392', 'default_profile': False, 'default_profile_image': False, 'following': None, 'follow_request_sent': None, 'notifications': None, 'withheld_in_countries': []}",,,,,False,19,109,650,1379,"{'hashtags': [], 'urls': [{'url': 'https://t.co/vbXfeJW2vm', 'expanded_url': 'https://twitter.com/i/web/status/1317479847728500740', 'display_url': 'twitter.com/i/web/status/1…', 'indices': [117, 140]}], 'user_mentions': [], 'symbols': []}",False,False,False,low,en,[{'tag': None}],,,"{'full_text': 'Prominent Hong Kong protester Alexandra Wong makes first public appearance in 14 months - and tells media she was held in mainland China https://t.co/1Gazju1Iwt', 'display_text_range': [0, 160], 'entities': {'hashtags': [], 'urls': [{'url': 'https://t.co/1Gazju1Iwt', 'expanded_url': 'https://bbc.in/3k7Dl2H', 'display_url': 'bbc.in/3k7Dl2H', 'indices': [137, 160]}], 'user_mentions': [], 'symbols': []}}"
Fri Oct 16 19:29:24 +0000 2020,1317185896970637314,1317185896970637314,Trudeau calls China's Hong Kong diplomacy 'coercive' https://t.co/sWDaQff0UD,"<a href=""http://www.socialflow.com"" rel=""nofollow"">SocialFlow</a>",False,,,,,,"{'id': 742143, 'id_str': '742143', 'name': 'BBC News (World)', 'screen_name': 'BBCWorld', 'location': 'London, UK', 'url': 'http://www.bbc.com/news', 'description': ""News, features and analysis from the World's newsroom. Breaking news, follow @BBCBreaking. UK news, @BBCNews. Latest sports news @BBCSport"", 'translator_type': 'none', 'protected': False, 'verified': True, 'followers_count': 33875224, 'friends_count': 18, 'listed_count': 127063, 'favourites_count': 13, 'statuses_count': 339373, 'created_at': 'Thu Feb 01 07:44:29 +0000 2007', 'utc_offset': None, 'time_zone': None, 'geo_enabled': True, 'lang': None, 'contributors_enabled': False, 'is_translator': False, 'profile_background_color': 'FFFFFF', 'profile_background_image_url': 'http://abs.twimg.com/images/themes/theme1/bg.png', 'profile_background_image_url_https': 'https://abs.twimg.com/images/themes/theme1/bg.png', 'profile_background_tile': False, 'profile_link_color': '1F527B', 'profile_sidebar_border_color': 'FFFFFF', 'profile_sidebar_fill_color': 'FFFFFF', 'profile_text_color': '5A5A5A', 'profile_use_background_image': True, 'profile_image_url': 'http://pbs.twimg.com/profile_images/1150717770478379008/8-XiwK-s_normal.png', 'profile_image_url_https': 'https://pbs.twimg.com/profile_images/1150717770478379008/8-XiwK-s_normal.png', 'profile_banner_url': 'https://pbs.twimg.com/profile_banners/742143/1621582392', 'default_profile': False, 'default_profile_image': False, 'following': None, 'follow_request_sent': None, 'notifications': None, 'withheld_in_countries': []}",,,,,False,20,94,560,873,"{'hashtags': [], 'urls': [{'url': 'https://t.co/sWDaQff0UD', 'expanded_url': 'https://bbc.in/3j9yBbs', 'display_url': 'bbc.in/3j9yBbs', 'indices': [53, 76]}], 'user_mentions': [], 'symbols': []}",False,False,False,low,en,[{'tag': None}],,,
Mon Oct 12 15:48:09 +0000 2020,1315680664063299590,1315680664063299590,"K-pop group BTS facing backlash in China over Korean War comments

https://t.co/Vl5aHIEGHk","<a href=""http://www.socialflow.com"" rel=""nofollow"">SocialFlow</a>",False,,,,,,"{'id': 742143, 'id_str': '742143', 'name': 'BBC News (World)', 'screen_name': 'BBCWorld', 'location': 'London, UK', 'url': 'http://www.bbc.com/news', 'description': ""News, features and analysis from the World's newsroom. Breaking news, follow @BBCBreaking. UK news, @BBCNews. Latest sports news @BBCSport"", 'translator_type': 'none', 'protected': False, 'verified': True, 'followers_count': 33875224, 'friends_count': 18, 'listed_count': 127063, 'favourites_count': 13, 'statuses_count': 339373, 'created_at': 'Thu Feb 01 07:44:29 +0000 2007', 'utc_offset': None, 'time_zone': None, 'geo_enabled': True, 'lang': None, 'contributors_enabled': False, 'is_translator': False, 'profile_background_color': 'FFFFFF', 'profile_background_image_url': 'http://abs.twimg.com/images/themes/theme1/bg.png', 'profile_background_image_url_https': 'https://abs.twimg.com/images/themes/theme1/bg.png', 'profile_background_tile': False, 'profile_link_color': '1F527B', 'profile_sidebar_border_color': 'FFFFFF', 'profile_sidebar_fill_color': 'FFFFFF', 'profile_text_color': '5A5A5A', 'profile_use_background_image': True, 'profile_image_url': 'http://pbs.twimg.com/profile_images/1150717770478379008/8-XiwK-s_normal.png', 'profile_image_url_https': 'https://pbs.twimg.com/profile_images/1150717770478379008/8-XiwK-s_normal.png', 'profile_banner_url': 'https://pbs.twimg.com/profile_banners/742143/1621582392', 'default_profile': False, 'default_profile_image': False, 'following': None, 'follow_request_sent': None, 'notifications': None, 'withheld_in_countries': []}",,,,,False,52,107,99,386,"{'hashtags': [], 'urls': [{'url': 'https://t.co/Vl5aHIEGHk', 'expanded_url': 'https://bbc.in/2Iokpib', 'display_url': 'bbc.in/2Iokpib', 'indices': [67, 90]}], 'user_mentions': [], 'symbols': []}",False,False,False,low,en,[{'tag': None}],,,
Sun Oct 11 18:20:48 +0000 2020,1315356695368028160,1315356695368028160,How Australia-China tensions have hit 'lowest ebb in decades' https://t.co/HFUqSQLq4l,"<a href=""http://www.socialflow.com"" rel=""nofollow"">SocialFlow</a>",False,,,,,,"{'id': 742143, 'id_str': '742143', 'name': 'BBC News (World)', 'screen_name': 'BBCWorld', 'location': 'London, UK', 'url': 'http://www.bbc.com/news', 'description': ""News, features and analysis from the World's newsroom. Breaking news, follow @BBCBreaking. UK news, @BBCNews. Latest sports news @BBCSport"", 'translator_type': 'none', 'protected': False, 'verified': True, 'followers_count': 33875224, 'friends_count': 18, 'listed_count': 127063, 'favourites_count': 13, 'statuses_count': 339373, 'created_at': 'Thu Feb 01 07:44:29 +0000 2007', 'utc_offset': None, 'time_zone': None, 'geo_enabled': True, 'lang': None, 'contributors_enabled': False, 'is_translator': False, 'profile_background_color': 'FFFFFF', 'profile_background_image_url': 'http://abs.twimg.com/images/themes/theme1/bg.png', 'profile_background_image_url_https': 'https://abs.twimg.com/images/themes/theme1/bg.png', 'profile_background_tile': False, 'profile_link_color': '1F527B', 'profile_sidebar_border_color': 'FFFFFF', 'profile_sidebar_fill_color': 'FFFFFF', 'profile_text_color': '5A5A5A', 'profile_use_background_image': True, 'profile_image_url': 'http://pbs.twimg.com/profile_images/1150717770478379008/8-XiwK-s_normal.png', 'profile_image_url_https': 'https://pbs.twimg.com/profile_images/1150717770478379008/8-XiwK-s_normal.png', 'profile_banner_url': 'https://pbs.twimg.com/profile_banners/742143/1621582392', 'default_profile': False, 'default_profile_image': False, 'following': None, 'follow_request_sent': None, 'notifications': None, 'withheld_in_countries': []}",,,,,False,12,324,73,310,"{'hashtags': [], 'urls': [{'url': 'https://t.co/HFUqSQLq4l', 'expanded_url': 'https://bbc.in/34JGGhS', 'display_url': 'bbc.in/34JGGhS', 'indices': [62, 85]}], 'user_mentions': [], 'symbols': []}",False,False,False,low,en,[{'tag': None}],,,
Sun Oct 11 15:24:14 +0000 2020,1315312258084483073,1315312258084483073,"Controversy grows over Swedish restaurant's 'racist' posters, describing China's leader as a ""bat man"" https://t.co/PZ1Em3GTdQ","<a href=""http://www.socialflow.com"" rel=""nofollow"">SocialFlow</a>",False,,,,,,"{'id': 742143, 'id_str': '742143', 'name': 'BBC News (World)', 'screen_name': 'BBCWorld', 'location': 'London, UK', 'url': 'http://www.bbc.com/news', 'description': ""News, features and analysis from the World's newsroom. Breaking news, follow @BBCBreaking. UK news, @BBCNews. Latest sports news @BBCSport"", 'translator_type': 'none', 'protected': False, 'verified': True, 'followers_count': 33875224, 'friends_count': 18, 'listed_count': 127063, 'favourites_count': 13, 'statuses_count': 339373, 'created_at': 'Thu Feb 01 07:44:29 +0000 2007', 'utc_offset': None, 'time_zone': None, 'geo_enabled': True, 'lang': None, 'contributors_enabled': False, 'is_translator': False, 'profile_background_color': 'FFFFFF', 'profile_background_image_url': 'http://abs.twimg.com/images/themes/theme1/bg.png', 'profile_background_image_url_https': 'https://abs.twimg.com/images/themes/theme1/bg.png', 'profile_background_tile': False, 'profile_link_color': '1F527B', 'profile_sidebar_border_color': 'FFFFFF', 'profile_sidebar_fill_color': 'FFFFFF', 'profile_text_color': '5A5A5A', 'profile_use_background_image': True, 'profile_image_url': 'http://pbs.twimg.com/profile_images/1150717770478379008/8-XiwK-s_normal.png', 'profile_image_url_https': 'https://pbs.twimg.com/profile_images/1150717770478379008/8-XiwK-s_normal.png', 'profile_banner_url': 'https://pbs.twimg.com/profile_banners/742143/1621582392', 'default_profile': False, 'default_profile_image': False, 'following': None, 'follow_request_sent': None, 'notifications': None, 'withheld_in_countries': []}",,,,,False,45,259,105,427,"{'hashtags': [], 'urls': [{'url': 'https://t.co/PZ1Em3GTdQ', 'expanded_url': 'https://bbc.in/3dj1mkT', 'display_url': 'bbc.in/3dj1mkT', 'indices': [103, 126]}], 'user_mentions': [], 'symbols': []}",False,False,False,low,en,[{'tag': None}],,,
Thu Oct 08 06:44:23 +0000 2020,1314094270232645637,1314094270232645637,Stolen Mao Zedong scroll worth millions found cut in half https://t.co/z3Moe18KeG,"<a href=""http://www.socialflow.com"" rel=""nofollow"">SocialFlow</a>",False,,,,,,"{'id': 742143, 'id_str': '742143', 'name': 'BBC News (World)', 'screen_name': 'BBCWorld', 'location': 'London, UK', 'url': 'http://www.bbc.com/news', 'description': ""News, features and analysis from the World's newsroom. Breaking news, follow @BBCBreaking. UK news, @BBCNews. Latest sports news @BBCSport"", 'translator_type': 'none', 'protected': False, 'verified': True, 'followers_count': 33875224, 'friends_count': 18, 'listed_count': 127063, 'favourites_count': 13, 'statuses_count': 339373, 'created_at': 'Thu Feb 01 07:44:29 +0000 2007', 'utc_offset': None, 'time_zone': None, 'geo_enabled': True, 'lang': None, 'contributors_enabled': False, 'is_translator': False, 'profile_background_color': 'FFFFFF', 'profile_background_image_url': 'http://abs.twimg.com/images/themes/theme1/bg.png', 'profile_background_image_url_https': 'https://abs.twimg.com/images/themes/theme1/bg.png', 'profile_background_tile': False, 'profile_link_color': '1F527B', 'profile_sidebar_border_color': 'FFFFFF', 'profile_sidebar_fill_color': 'FFFFFF', 'profile_text_color': '5A5A5A', 'profile_use_background_image': True, 'profile_image_url': 'http://pbs.twimg.com/profile_images/1150717770478379008/8-XiwK-s_normal.png', 'profile_image_url_https': 'https://pbs.twimg.com/profile_images/1150717770478379008/8-XiwK-s_normal.png', 'profile_banner_url': 'https://pbs.twimg.com/profile_banners/742143/1621582392', 'default_profile': False, 'default_profile_image': False, 'following': None, 'follow_request_sent': None, 'notifications': None, 'withheld_in_countries': []}",,,,,False,18,47,92,300,"{'hashtags': [], 'urls': [{'url': 'https://t.co/z3Moe18KeG', 'expanded_url': 'https://bbc.in/2FeGNJI', 'display_url': 'bbc.in/2FeGNJI', 'indices': [58, 81]}], 'user_mentions': [], 'symbols': []}",False,False,False,low,en,[{'tag': None}],,,
Thu Oct 08 03:25:05 +0000 2020,1314044115496075266,1314044115496075266,"RT @BBCNorthAmerica: Kamala Harris said President Trump's trade war with China cost 300,000 jobs - but that isn't true #VPDebate 

https://…","<a href=""https://about.twitter.com/products/tweetdeck"" rel=""nofollow"">TweetDeck</a>",False,,,,,,"{'id': 742143, 'id_str': '742143', 'name': 'BBC News (World)', 'screen_name': 'BBCWorld', 'location': 'London, UK', 'url': 'http://www.bbc.com/news', 'description': ""News, features and analysis from the World's newsroom. Breaking news, follow @BBCBreaking. UK news, @BBCNews. Latest sports news @BBCSport"", 'translator_type': 'none', 'protected': False, 'verified': True, 'followers_count': 33875224, 'friends_count': 18, 'listed_count': 127063, 'favourites_count': 13, 'statuses_count': 339373, 'created_at': 'Thu Feb 01 07:44:29 +0000 2007', 'utc_offset': None, 'time_zone': None, 'geo_enabled': True, 'lang': None, 'contributors_enabled': False, 'is_translator': False, 'profile_background_color': 'FFFFFF', 'profile_background_image_url': 'http://abs.twimg.com/images/themes/theme1/bg.png', 'profile_background_image_url_https': 'https://abs.twimg.com/images/themes/theme1/bg.png', 'profile_background_tile': False, 'profile_link_color': '1F527B', 'profile_sidebar_border_color': 'FFFFFF', 'profile_sidebar_fill_color': 'FFFFFF', 'profile_text_color': '5A5A5A', 'profile_use_background_image': True, 'profile_image_url': 'http://pbs.twimg.com/profile_images/1150717770478379008/8-XiwK-s_normal.png', 'profile_image_url_https': 'https://pbs.twimg.com/profile_images/1150717770478379008/8-XiwK-s_normal.png', 'profile_banner_url': 'https://pbs.twimg.com/profile_banners/742143/1621582392', 'default_profile': False, 'default_profile_image': False, 'following': None, 'follow_request_sent': None, 'notifications': None, 'withheld_in_countries': []}",,,,,False,0,0,0,0,"{'hashtags': [{'text': 'VPDebate', 'indices': [119, 128]}], 'urls': [], 'user_mentions': [{'screen_name': 'BBCNorthAmerica', 'name': 'BBC North America', 'id': 69329527, 'id_str': '69329527', 'indices': [3, 19]}], 'symbols': []}",False,False,,low,en,[{'tag': None}],"{'created_at': 'Thu Oct 08 03:04:44 +0000 2020', 'id': 1314038995152777216, 'id_str': '1314038995152777216', 'text': ""Kamala Harris said President Trump's trade war with China cost 300,000 jobs - but that isn't true #VPDebate… https://t.co/AO8fWNG8Er"", 'display_text_range': [0, 140], 'source': '<a href=""https://about.twitter.com/products/tweetdeck"" rel=""nofollow"">TweetDeck</a>', 'truncated': True, 'in_reply_to_status_id': 1314028033427353600, 'in_reply_to_status_id_str': '1314028033427353600', 'in_reply_to_user_id': 69329527, 'in_reply_to_user_id_str': '69329527', 'in_reply_to_screen_name': 'BBCNorthAmerica', 'user': {'id': 69329527, 'id_str': '69329527', 'name': 'BBC North America', 'screen_name': 'BBCNorthAmerica', 'location': 'Washington DC', 'url': 'http://www.bbc.com/news', 'description': 'The latest news & feature stories from our reporters in the United States and Canada http://www.facebook.com/bbcnews', 'translator_type': 'regular', 'protected': False, 'verified': True, 'followers_count': 299940, 'friends_count': 791, 'listed_count': 4243, 'favourites_count': 482, 'statuses_count': 73419, 'created_at': 'Thu Aug 27 16:09:18 +0000 2009', 'utc_offset': None, 'time_zone': None, 'geo_enabled': True, 'lang': None, 'contributors_enabled': False, 'is_translator': False, 'profile_background_color': '910505', 'profile_background_image_url': 'http://abs.twimg.com/images/themes/theme1/bg.png', 'profile_background_image_url_https': 'https://abs.twimg.com/images/themes/theme1/bg.png', 'profile_background_tile': False, 'profile_link_color': '821313', 'profile_sidebar_border_color': 'FFFFFF', 'profile_sidebar_fill_color': '878787', 'profile_text_color': '333333', 'profile_use_background_image': True, 'profile_image_url': 'http://pbs.twimg.com/profile_images/1288471278953869320/Ki2rybZI_normal.jpg', 'profile_image_url_https': 'https://pbs.twimg.com/profile_images/1288471278953869320/Ki2rybZI_normal.jpg', 'profile_banner_url': 'https://pbs.twimg.com/profile_banners/69329527/1604574812', 'default_profile': False, 'default_profile_image': False, 'following': None, 'follow_request_sent': None, 'notifications': None, 'withheld_in_countries': []}, 'geo': None, 'coordinates': None, 'place': None, 'contributors': None, 'is_quote_status': False, 'extended_tweet': {'full_text': ""Kamala Harris said President Trump's trade war with China cost 300,000 jobs - but that isn't true #VPDebate \n\nhttps://t.co/Hvj4Uc4hEw https://t.co/GIfjV948yN"", 'display_text_range': [0, 133], 'entities': {'hashtags': [{'text': 'VPDebate', 'indices': [98, 107]}], 'urls': [{'url': 'https://t.co/Hvj4Uc4hEw', 'expanded_url': 'http://bbc.in/30IHHWi', 'display_url': 'bbc.in/30IHHWi', 'indices': [110, 133]}], 'user_mentions': [], 'symbols': [], 'media': [{'id': 1314038978069377025, 'id_str': '1314038978069377025', 'indices': [134, 157], 'media_url': 'http://pbs.twimg.com/media/EjxnfQzXsAEWITr.jpg', 'media_url_https': 'https://pbs.twimg.com/media/EjxnfQzXsAEWITr.jpg', 'url': 'https://t.co/GIfjV948yN', 'display_url': 'pic.twitter.com/GIfjV948yN', 'expanded_url': 'https://twitter.com/BBCNorthAmerica/status/1314038995152777216/photo/1', 'type': 'photo', 'sizes': {'thumb': {'w': 150, 'h': 150, 'resize': 'crop'}, 'medium': {'w': 1200, 'h': 675, 'resize': 'fit'}, 'small': {'w': 680, 'h': 383, 'resize': 'fit'}, 'large': {'w': 1920, 'h': 1080, 'resize': 'fit'}}}]}, 'extended_entities': {'media': [{'id': 1314038978069377025, 'id_str': '1314038978069377025', 'indices': [134, 157], 'media_url': 'http://pbs.twimg.com/media/EjxnfQzXsAEWITr.jpg', 'media_url_https': 'https://pbs.twimg.com/media/EjxnfQzXsAEWITr.jpg', 'url': 'https://t.co/GIfjV948yN', 'display_url': 'pic.twitter.com/GIfjV948yN', 'expanded_url': 'https://twitter.com/BBCNorthAmerica/status/1314038995152777216/photo/1', 'type': 'photo', 'sizes': {'thumb': {'w': 150, 'h': 150, 'resize': 'crop'}, 'medium': {'w': 1200, 'h': 675, 'resize': 'fit'}, 'small': {'w': 680, 'h': 383, 'resize': 'fit'}, 'large': {'w': 1920, 'h': 1080, 'resize': 'fit'}}}]}}, 'quote_count': 15, 'reply_count': 33, 'retweet_count': 111, 'favorite_count': 330, 'entities': {'hashtags': [{'text': 'VPDebate', 'indices': [98, 107]}], 'urls': [{'url': 'https://t.co/AO8fWNG8Er', 'expanded_url': 'https://twitter.com/i/web/status/1314038995152777216', 'display_url': 'twitter.com/i/web/status/1…', 'indices': [109, 132]}], 'user_mentions': [], 'symbols': []}, 'favorited': False, 'retweeted': False, 'possibly_sensitive': False, 'filter_level': 'low', 'lang': 'en'}",,
Wed Oct 07 00:24:09 +0000 2020,1313636195314827265,1313636195314827265,Misleading India-China claims being shared online https://t.co/MBSfryaBVW,"<a href=""http://www.socialflow.com"" rel=""nofollow"">SocialFlow</a>",False,,,,,,"{'id': 742143, 'id_str': '742143', 'name': 'BBC News (World)', 'screen_name': 'BBCWorld', 'location': 'London, UK', 'url': 'http://www.bbc.com/news', 'description': ""News, features and analysis from the World's newsroom. Breaking news, follow @BBCBreaking. UK news, @BBCNews. Latest sports news @BBCSport"", 'translator_type': 'none', 'protected': False, 'verified': True, 'followers_count': 33875224, 'friends_count': 18, 'listed_count': 127063, 'favourites_count': 13, 'statuses_count': 339373, 'created_at': 'Thu Feb 01 07:44:29 +0000 2007', 'utc_offset': None, 'time_zone': None, 'geo_enabled': True, 'lang': None, 'contributors_enabled': False, 'is_translator': False, 'profile_background_color': 'FFFFFF', 'profile_background_image_url': 'http://abs.twimg.com/images/themes/theme1/bg.png', 'profile_background_image_url_https': 'https://abs.twimg.com/images/themes/theme1/bg.png', 'profile_background_tile': False, 'profile_link_color': '1F527B', 'profile_sidebar_border_color': 'FFFFFF', 'profile_sidebar_fill_color': 'FFFFFF', 'profile_text_color': '5A5A5A', 'profile_use_background_image': True, 'profile_image_url': 'http://pbs.twimg.com/profile_images/1150717770478379008/8-XiwK-s_normal.png', 'profile_image_url_https': 'https://pbs.twimg.com/profile_images/1150717770478379008/8-XiwK-s_normal.png', 'profile_banner_url': 'https://pbs.twimg.com/profile_banners/742143/1621582392', 'default_profile': False, 'default_profile_image': False, 'following': None, 'follow_request_sent': None, 'notifications': None, 'withheld_in_countries': []}",,,,,False,6,28,46,160,"{'hashtags': [], 'urls': [{'url': 'https://t.co/MBSfryaBVW', 'expanded_url': 'https://bbc.in/33AF7Dr', 'display_url': 'bbc.in/33AF7Dr', 'indices': [50, 73]}], 'user_mentions': [], 'symbols': []}",False,False,False,low,en,[{'tag': None}],,,
Tue Oct 06 07:49:26 +0000 2020,1313385866832773121,1313385866832773121,"US Secretary of State Mike Pompeo in Japan for 'quad' meeting with Australia, India and Japan to counter China https://t.co/oHiZcd5Y3S","<a href=""http://www.socialflow.com"" rel=""nofollow"">SocialFlow</a>",False,,,,,,"{'id': 742143, 'id_str': '742143', 'name': 'BBC News (World)', 'screen_name': 'BBCWorld', 'location': 'London, UK', 'url': 'http://www.bbc.com/news', 'description': ""News, features and analysis from the World's newsroom. Breaking news, follow @BBCBreaking. UK news, @BBCNews. Latest sports news @BBCSport"", 'translator_type': 'none', 'protected': False, 'verified': True, 'followers_count': 33875224, 'friends_count': 18, 'listed_count': 127063, 'favourites_count': 13, 'statuses_count': 339373, 'created_at': 'Thu Feb 01 07:44:29 +0000 2007', 'utc_offset': None, 'time_zone': None, 'geo_enabled': True, 'lang': None, 'contributors_enabled': False, 'is_translator': False, 'profile_background_color': 'FFFFFF', 'profile_background_image_url': 'http://abs.twimg.com/images/themes/theme1/bg.png', 'profile_background_image_url_https': 'https://abs.twimg.com/images/themes/theme1/bg.png', 'profile_background_tile': False, 'profile_link_color': '1F527B', 'profile_sidebar_border_color': 'FFFFFF', 'profile_sidebar_fill_color': 'FFFFFF', 'profile_text_color': '5A5A5A', 'profile_use_background_image': True, 'profile_image_url': 'http://pbs.twimg.com/profile_images/1150717770478379008/8-XiwK-s_normal.png', 'profile_image_url_https': 'https://pbs.twimg.com/profile_images/1150717770478379008/8-XiwK-s_normal.png', 'profile_banner_url': 'https://pbs.twimg.com/profile_banners/742143/1621582392', 'default_profile': False, 'default_profile_image': False, 'following': None, 'follow_request_sent': None, 'notifications': None, 'withheld_in_countries': []}",,,,,False,30,100,151,580,"{'hashtags': [], 'urls': [{'url': 'https://t.co/oHiZcd5Y3S', 'expanded_url': 'https://bbc.in/3lkqWsy', 'display_url': 'bbc.in/3lkqWsy', 'indices': [111, 134]}], 'user_mentions': [], 'symbols': []}",False,False,False,low,en,[{'tag': None}],,,
Fri Oct 02 08:37:09 +0000 2020,1311948320668110848,1311948320668110848,"Chinese vlogger dies 'after being set on fire by her ex-husband during live stream', local media reports https://t.co/ZDECmU5uy8","<a href=""http://www.socialflow.com"" rel=""nofollow"">SocialFlow</a>",False,,,,,,"{'id': 742143, 'id_str': '742143', 'name': 'BBC News (World)', 'screen_name': 'BBCWorld', 'location': 'London, UK', 'url': 'http://www.bbc.com/news', 'description': ""News, features and analysis from the World's newsroom. Breaking news, follow @BBCBreaking. UK news, @BBCNews. Latest sports news @BBCSport"", 'translator_type': 'none', 'protected': False, 'verified': True, 'followers_count': 33875224, 'friends_count': 18, 'listed_count': 127063, 'favourites_count': 13, 'statuses_count': 339373, 'created_at': 'Thu Feb 01 07:44:29 +0000 2007', 'utc_offset': None, 'time_zone': None, 'geo_enabled': True, 'lang': None, 'contributors_enabled': False, 'is_translator': False, 'profile_background_color': 'FFFFFF', 'profile_background_image_url': 'http://abs.twimg.com/images/themes/theme1/bg.png', 'profile_background_image_url_https': 'https://abs.twimg.com/images/themes/theme1/bg.png', 'profile_background_tile': False, 'profile_link_color': '1F527B', 'profile_sidebar_border_color': 'FFFFFF', 'profile_sidebar_fill_color': 'FFFFFF', 'profile_text_color': '5A5A5A', 'profile_use_background_image': True, 'profile_image_url': 'http://pbs.twimg.com/profile_images/1150717770478379008/8-XiwK-s_normal.png', 'profile_image_url_https': 'https://pbs.twimg.com/profile_images/1150717770478379008/8-XiwK-s_normal.png', 'profile_banner_url': 'https://pbs.twimg.com/profile_banners/742143/1621582392', 'default_profile': False, 'default_profile_image': False, 'following': None, 'follow_request_sent': None, 'notifications': None, 'withheld_in_countries': []}",,,,,False,35,68,98,353,"{'hashtags': [], 'urls': [{'url': 'https://t.co/ZDECmU5uy8', 'expanded_url': 'https://bbc.in/3ncAAyU', 'display_url': 'bbc.in/3ncAAyU', 'indices': [105, 128]}], 'user_mentions': [], 'symbols': []}",False,False,False,low,en,[{'tag': None}],,,
Fri Oct 02 05:51:47 +0000 2020,1311906708059496456,1311906708059496456,China National Day: Hong Kong peace 'is an illusion' https://t.co/Tl3jDd8jw7,"<a href=""http://www.socialflow.com"" rel=""nofollow"">SocialFlow</a>",False,,,,,,"{'id': 742143, 'id_str': '742143', 'name': 'BBC News (World)', 'screen_name': 'BBCWorld', 'location': 'London, UK', 'url': 'http://www.bbc.com/news', 'description': ""News, features and analysis from the World's newsroom. Breaking news, follow @BBCBreaking. UK news, @BBCNews. Latest sports news @BBCSport"", 'translator_type': 'none', 'protected': False, 'verified': True, 'followers_count': 33875224, 'friends_count': 18, 'listed_count': 127063, 'favourites_count': 13, 'statuses_count': 339373, 'created_at': 'Thu Feb 01 07:44:29 +0000 2007', 'utc_offset': None, 'time_zone': None, 'geo_enabled': True, 'lang': None, 'contributors_enabled': False, 'is_translator': False, 'profile_background_color': 'FFFFFF', 'profile_background_image_url': 'http://abs.twimg.com/images/themes/theme1/bg.png', 'profile_background_image_url_https': 'https://abs.twimg.com/images/themes/theme1/bg.png', 'profile_background_tile': False, 'profile_link_color': '1F527B', 'profile_sidebar_border_color': 'FFFFFF', 'profile_sidebar_fill_color': 'FFFFFF', 'profile_text_color': '5A5A5A', 'profile_use_background_image': True, 'profile_image_url': 'http://pbs.twimg.com/profile_images/1150717770478379008/8-XiwK-s_normal.png', 'profile_image_url_https': 'https://pbs.twimg.com/profile_images/1150717770478379008/8-XiwK-s_normal.png', 'profile_banner_url': 'https://pbs.twimg.com/profile_banners/742143/1621582392', 'default_profile': False, 'default_profile_image': False, 'following': None, 'follow_request_sent': None, 'notifications': None, 'withheld_in_countries': []}",,,,,False,17,88,741,1021,"{'hashtags': [], 'urls': [{'url': 'https://t.co/Tl3jDd8jw7', 'expanded_url': 'https://bbc.in/3nd7EXu', 'display_url': 'bbc.in/3nd7EXu', 'indices': [53, 76]}], 'user_mentions': [], 'symbols': []}",False,False,False,low,en,[{'tag': None}],,,
Fri Oct 02 00:50:18 +0000 2020,1311830837378330624,1311830837378330624,China: Vlogger 'set on fire during live stream' https://t.co/3LGbj0OK0z,"<a href=""http://www.socialflow.com"" rel=""nofollow"">SocialFlow</a>",False,,,,,,"{'id': 742143, 'id_str': '742143', 'name': 'BBC News (World)', 'screen_name': 'BBCWorld', 'location': 'London, UK', 'url': 'http://www.bbc.com/news', 'description': ""News, features and analysis from the World's newsroom. Breaking news, follow @BBCBreaking. UK news, @BBCNews. Latest sports news @BBCSport"", 'translator_type': 'none', 'protected': False, 'verified': True, 'followers_count': 33875224, 'friends_count': 18, 'listed_count': 127063, 'favourites_count': 13, 'statuses_count': 339373, 'created_at': 'Thu Feb 01 07:44:29 +0000 2007', 'utc_offset': None, 'time_zone': None, 'geo_enabled': True, 'lang': None, 'contributors_enabled': False, 'is_translator': False, 'profile_background_color': 'FFFFFF', 'profile_background_image_url': 'http://abs.twimg.com/images/themes/theme1/bg.png', 'profile_background_image_url_https': 'https://abs.twimg.com/images/themes/theme1/bg.png', 'profile_background_tile': False, 'profile_link_color': '1F527B', 'profile_sidebar_border_color': 'FFFFFF', 'profile_sidebar_fill_color': 'FFFFFF', 'profile_text_color': '5A5A5A', 'profile_use_background_image': True, 'profile_image_url': 'http://pbs.twimg.com/profile_images/1150717770478379008/8-XiwK-s_normal.png', 'profile_image_url_https': 'https://pbs.twimg.com/profile_images/1150717770478379008/8-XiwK-s_normal.png', 'profile_banner_url': 'https://pbs.twimg.com/profile_banners/742143/1621582392', 'default_profile': False, 'default_profile_image': False, 'following': None, 'follow_request_sent': None, 'notifications': None, 'withheld_in_countries': []}",,,,,False,6,24,40,102,"{'hashtags': [], 'urls': [{'url': 'https://t.co/3LGbj0OK0z', 'expanded_url': 'https://bbc.in/30nZwtq', 'display_url': 'bbc.in/30nZwtq', 'indices': [48, 71]}], 'user_mentions': [], 'symbols': []}",False,False,False,low,en,[{'tag': None}],,,
Thu Oct 01 18:07:51 +0000 2020,1311729557041487872,1311729557041487872,Hundreds of millions of people in China mark this year's National Day holiday with gatherings and quick getaways https://t.co/gDEph0n4ax,"<a href=""http://www.socialflow.com"" rel=""nofollow"">SocialFlow</a>",False,,,,,,"{'id': 742143, 'id_str': '742143', 'name': 'BBC News (World)', 'screen_name': 'BBCWorld', 'location': 'London, UK', 'url': 'http://www.bbc.com/news', 'description': ""News, features and analysis from the World's newsroom. Breaking news, follow @BBCBreaking. UK news, @BBCNews. Latest sports news @BBCSport"", 'translator_type': 'none', 'protected': False, 'verified': True, 'followers_count': 33875224, 'friends_count': 18, 'listed_count': 127063, 'favourites_count': 13, 'statuses_count': 339373, 'created_at': 'Thu Feb 01 07:44:29 +0000 2007', 'utc_offset': None, 'time_zone': None, 'geo_enabled': True, 'lang': None, 'contributors_enabled': False, 'is_translator': False, 'profile_background_color': 'FFFFFF', 'profile_background_image_url': 'http://abs.twimg.com/images/themes/theme1/bg.png', 'profile_background_image_url_https': 'https://abs.twimg.com/images/themes/theme1/bg.png', 'profile_background_tile': False, 'profile_link_color': '1F527B', 'profile_sidebar_border_color': 'FFFFFF', 'profile_sidebar_fill_color': 'FFFFFF', 'profile_text_color': '5A5A5A', 'profile_use_background_image': True, 'profile_image_url': 'http://pbs.twimg.com/profile_images/1150717770478379008/8-XiwK-s_normal.png', 'profile_image_url_https': 'https://pbs.twimg.com/profile_images/1150717770478379008/8-XiwK-s_normal.png', 'profile_banner_url': 'https://pbs.twimg.com/profile_banners/742143/1621582392', 'default_profile': False, 'default_profile_image': False, 'following': None, 'follow_request_sent': None, 'notifications': None, 'withheld_in_countries': []}",,,,,False,14,60,68,222,"{'hashtags': [], 'urls': [{'url': 'https://t.co/gDEph0n4ax', 'expanded_url': 'https://bbc.in/3jgj7mV', 'display_url': 'bbc.in/3jgj7mV', 'indices': [113, 136]}], 'user_mentions': [], 'symbols': []}",False,False,False,low,en,[{'tag': None}],,,
Wed Sep 30 07:05:14 +0000 2020,1311200416303058945,1311200416303058945,China clamps down on climbing 'wild Great Wall' as busiest holiday season approaches https://t.co/tQbY53jGZ9,"<a href=""http://www.socialflow.com"" rel=""nofollow"">SocialFlow</a>",False,,,,,,"{'id': 742143, 'id_str': '742143', 'name': 'BBC News (World)', 'screen_name': 'BBCWorld', 'location': 'London, UK', 'url': 'http://www.bbc.com/news', 'description': ""News, features and analysis from the World's newsroom. Breaking news, follow @BBCBreaking. UK news, @BBCNews. Latest sports news @BBCSport"", 'translator_type': 'none', 'protected': False, 'verified': True, 'followers_count': 33875224, 'friends_count': 18, 'listed_count': 127063, 'favourites_count': 13, 'statuses_count': 339373, 'created_at': 'Thu Feb 01 07:44:29 +0000 2007', 'utc_offset': None, 'time_zone': None, 'geo_enabled': True, 'lang': None, 'contributors_enabled': False, 'is_translator': False, 'profile_background_color': 'FFFFFF', 'profile_background_image_url': 'http://abs.twimg.com/images/themes/theme1/bg.png', 'profile_background_image_url_https': 'https://abs.twimg.com/images/themes/theme1/bg.png', 'profile_background_tile': False, 'profile_link_color': '1F527B', 'profile_sidebar_border_color': 'FFFFFF', 'profile_sidebar_fill_color': 'FFFFFF', 'profile_text_color': '5A5A5A', 'profile_use_background_image': True, 'profile_image_url': 'http://pbs.twimg.com/profile_images/1150717770478379008/8-XiwK-s_normal.png', 'profile_image_url_https': 'https://pbs.twimg.com/profile_images/1150717770478379008/8-XiwK-s_normal.png', 'profile_banner_url': 'https://pbs.twimg.com/profile_banners/742143/1621582392', 'default_profile': False, 'default_profile_image': False, 'following': None, 'follow_request_sent': None, 'notifications': None, 'withheld_in_countries': []}",,,,,False,0,14,37,165,"{'hashtags': [], 'urls': [{'url': 'https://t.co/tQbY53jGZ9', 'expanded_url': 'https://bbc.in/36hWzOV', 'display_url': 'bbc.in/36hWzOV', 'indices': [85, 108]}], 'user_mentions': [], 'symbols': []}",False,False,False,low,en,[{'tag': None}],,,
Tue Sep 29 03:59:42 +0000 2020,1310791335050387456,1310791335050387456,Chinese teacher sentenced to death for poisoning nursery children https://t.co/HL7txFpRBF,"<a href=""http://www.socialflow.com"" rel=""nofollow"">SocialFlow</a>",False,,,,,,"{'id': 742143, 'id_str': '742143', 'name': 'BBC News (World)', 'screen_name': 'BBCWorld', 'location': 'London, UK', 'url': 'http://www.bbc.com/news', 'description': ""News, features and analysis from the World's newsroom. Breaking news, follow @BBCBreaking. UK news, @BBCNews. Latest sports news @BBCSport"", 'translator_type': 'none', 'protected': False, 'verified': True, 'followers_count': 33875224, 'friends_count': 18, 'listed_count': 127063, 'favourites_count': 13, 'statuses_count': 339373, 'created_at': 'Thu Feb 01 07:44:29 +0000 2007', 'utc_offset': None, 'time_zone': None, 'geo_enabled': True, 'lang': None, 'contributors_enabled': False, 'is_translator': False, 'profile_background_color': 'FFFFFF', 'profile_background_image_url': 'http://abs.twimg.com/images/themes/theme1/bg.png', 'profile_background_image_url_https': 'https://abs.twimg.com/images/themes/theme1/bg.png', 'profile_background_tile': False, 'profile_link_color': '1F527B', 'profile_sidebar_border_color': 'FFFFFF', 'profile_sidebar_fill_color': 'FFFFFF', 'profile_text_color': '5A5A5A', 'profile_use_background_image': True, 'profile_image_url': 'http://pbs.twimg.com/profile_images/1150717770478379008/8-XiwK-s_normal.png', 'profile_image_url_https': 'https://pbs.twimg.com/profile_images/1150717770478379008/8-XiwK-s_normal.png', 'profile_banner_url': 'https://pbs.twimg.com/profile_banners/742143/1621582392', 'default_profile': False, 'default_profile_image': False, 'following': None, 'follow_request_sent': None, 'notifications': None, 'withheld_in_countries': []}",,,,,False,22,55,169,597,"{'hashtags': [], 'urls': [{'url': 'https://t.co/HL7txFpRBF', 'expanded_url': 'https://bbc.in/36h8blu', 'display_url': 'bbc.in/36h8blu', 'indices': [66, 89]}], 'user_mentions': [], 'symbols': []}",False,False,False,low,en,[{'tag': None}],,,
Mon Sep 28 23:38:35 +0000 2020,1310725624571592705,1310725624571592705,Ai Weiwei: 'Too late' to curb China's global influence https://t.co/4ih2wrOAqg,"<a href=""http://www.socialflow.com"" rel=""nofollow"">SocialFlow</a>",False,,,,,,"{'id': 742143, 'id_str': '742143', 'name': 'BBC News (World)', 'screen_name': 'BBCWorld', 'location': 'London, UK', 'url': 'http://www.bbc.com/news', 'description': ""News, features and analysis from the World's newsroom. Breaking news, follow @BBCBreaking. UK news, @BBCNews. Latest sports news @BBCSport"", 'translator_type': 'none', 'protected': False, 'verified': True, 'followers_count': 33875224, 'friends_count': 18, 'listed_count': 127063, 'favourites_count': 13, 'statuses_count': 339373, 'created_at': 'Thu Feb 01 07:44:29 +0000 2007', 'utc_offset': None, 'time_zone': None, 'geo_enabled': True, 'lang': None, 'contributors_enabled': False, 'is_translator': False, 'profile_background_color': 'FFFFFF', 'profile_background_image_url': 'http://abs.twimg.com/images/themes/theme1/bg.png', 'profile_background_image_url_https': 'https://abs.twimg.com/images/themes/theme1/bg.png', 'profile_background_tile': False, 'profile_link_color': '1F527B', 'profile_sidebar_border_color': 'FFFFFF', 'profile_sidebar_fill_color': 'FFFFFF', 'profile_text_color': '5A5A5A', 'profile_use_background_image': True, 'profile_image_url': 'http://pbs.twimg.com/profile_images/1150717770478379008/8-XiwK-s_normal.png', 'profile_image_url_https': 'https://pbs.twimg.com/profile_images/1150717770478379008/8-XiwK-s_normal.png', 'profile_banner_url': 'https://pbs.twimg.com/profile_banners/742143/1621582392', 'default_profile': False, 'default_profile_image': False, 'following': None, 'follow_request_sent': None, 'notifications': None, 'withheld_in_countries': []}",,,,,False,10,51,111,334,"{'hashtags': [], 'urls': [{'url': 'https://t.co/4ih2wrOAqg', 'expanded_url': 'https://bbc.in/36ejI4N', 'display_url': 'bbc.in/36ejI4N', 'indices': [55, 78]}], 'user_mentions': [], 'symbols': []}",False,False,False,low,en,[{'tag': None}],,,
Mon Sep 28 13:48:39 +0000 2020,1310577164186726400,1310577164186726400,"RT @BBCBreakfast: Little Grey and Little White used to perform in China. 
They now have a 32,000 square metre bay to enjoy. 🌊
https://t.co/…","<a href=""https://about.twitter.com/products/tweetdeck"" rel=""nofollow"">TweetDeck</a>",False,,,,,,"{'id': 742143, 'id_str': '742143', 'name': 'BBC News (World)', 'screen_name': 'BBCWorld', 'location': 'London, UK', 'url': 'http://www.bbc.com/news', 'description': ""News, features and analysis from the World's newsroom. Breaking news, follow @BBCBreaking. UK news, @BBCNews. Latest sports news @BBCSport"", 'translator_type': 'none', 'protected': False, 'verified': True, 'followers_count': 33875224, 'friends_count': 18, 'listed_count': 127063, 'favourites_count': 13, 'statuses_count': 339373, 'created_at': 'Thu Feb 01 07:44:29 +0000 2007', 'utc_offset': None, 'time_zone': None, 'geo_enabled': True, 'lang': None, 'contributors_enabled': False, 'is_translator': False, 'profile_background_color': 'FFFFFF', 'profile_background_image_url': 'http://abs.twimg.com/images/themes/theme1/bg.png', 'profile_background_image_url_https': 'https://abs.twimg.com/images/themes/theme1/bg.png', 'profile_background_tile': False, 'profile_link_color': '1F527B', 'profile_sidebar_border_color': 'FFFFFF', 'profile_sidebar_fill_color': 'FFFFFF', 'profile_text_color': '5A5A5A', 'profile_use_background_image': True, 'profile_image_url': 'http://pbs.twimg.com/profile_images/1150717770478379008/8-XiwK-s_normal.png', 'profile_image_url_https': 'https://pbs.twimg.com/profile_images/1150717770478379008/8-XiwK-s_normal.png', 'profile_banner_url': 'https://pbs.twimg.com/profile_banners/742143/1621582392', 'default_profile': False, 'default_profile_image': False, 'following': None, 'follow_request_sent': None, 'notifications': None, 'withheld_in_countries': []}",,,,,False,0,0,0,0,"{'hashtags': [], 'urls': [], 'user_mentions': [{'screen_name': 'BBCBreakfast', 'name': 'BBC Breakfast', 'id': 143415291, 'id_str': '143415291', 'indices': [3, 16]}], 'symbols': []}",False,False,,low,en,[{'tag': None}],"{'created_at': 'Mon Sep 28 13:47:51 +0000 2020', 'id': 1310576960444268544, 'id_str': '1310576960444268544', 'text': 'Little Grey and Little White used to perform in China. \nThey now have a 32,000 square metre bay to enjoy. 🌊… https://t.co/mQIYqjffIJ', 'display_text_range': [0, 140], 'source': '<a href=""https://studio.twitter.com"" rel=""nofollow"">Twitter Media Studio</a>', 'truncated': True, 'in_reply_to_status_id': None, 'in_reply_to_status_id_str': None, 'in_reply_to_user_id': None, 'in_reply_to_user_id_str': None, 'in_reply_to_screen_name': None, 'user': {'id': 143415291, 'id_str': '143415291', 'name': 'BBC Breakfast', 'screen_name': 'BBCBreakfast', 'location': 'MediaCityUK, Salford', 'url': 'http://www.bbc.co.uk/breakfast', 'description': ""The UK's favourite morning news programme. Wake up with the 2021 RTS Award winning most watched Breakfast show. From 6am on BBC One ⏰ #BBCBreakfast"", 'translator_type': 'none', 'protected': False, 'verified': True, 'followers_count': 440830, 'friends_count': 252, 'listed_count': 2324, 'favourites_count': 12450, 'statuses_count': 70567, 'created_at': 'Thu May 13 12:01:01 +0000 2010', 'utc_offset': None, 'time_zone': None, 'geo_enabled': True, 'lang': None, 'contributors_enabled': False, 'is_translator': False, 'profile_background_color': 'FFFFFF', 'profile_background_image_url': 'http://abs.twimg.com/images/themes/theme1/bg.png', 'profile_background_image_url_https': 'https://abs.twimg.com/images/themes/theme1/bg.png', 'profile_background_tile': False, 'profile_link_color': '00457A', 'profile_sidebar_border_color': 'FFFFFF', 'profile_sidebar_fill_color': 'FFFFFF', 'profile_text_color': '5A5A5A', 'profile_use_background_image': True, 'profile_image_url': 'http://pbs.twimg.com/profile_images/1458017450453241856/A8rcZIbI_normal.jpg', 'profile_image_url_https': 'https://pbs.twimg.com/profile_images/1458017450453241856/A8rcZIbI_normal.jpg', 'profile_banner_url': 'https://pbs.twimg.com/profile_banners/143415291/1637664246', 'default_profile': False, 'default_profile_image': False, 'following': None, 'follow_request_sent': None, 'notifications': None, 'withheld_in_countries': []}, 'geo': None, 'coordinates': None, 'place': None, 'contributors': None, 'is_quote_status': False, 'extended_tweet': {'full_text': 'Little Grey and Little White used to perform in China. \nThey now have a 32,000 square metre bay to enjoy. 🌊\nhttps://t.co/ooV3rbc6fh https://t.co/9m349w4F28', 'display_text_range': [0, 131], 'entities': {'hashtags': [], 'urls': [{'url': 'https://t.co/ooV3rbc6fh', 'expanded_url': 'https://bbc.in/2G7iw8D', 'display_url': 'bbc.in/2G7iw8D', 'indices': [108, 131]}], 'user_mentions': [], 'symbols': [], 'media': [{'id': 1310573631139917824, 'id_str': '1310573631139917824', 'indices': [132, 155], 'additional_media_info': {'title': '', 'description': '', 'embeddable': True, 'monetizable': False}, 'media_url': 'http://pbs.twimg.com/media/EjAZIGFWsAAdgDy.jpg', 'media_url_https': 'https://pbs.twimg.com/media/EjAZIGFWsAAdgDy.jpg', 'url': 'https://t.co/9m349w4F28', 'display_url': 'pic.twitter.com/9m349w4F28', 'expanded_url': 'https://twitter.com/BBCBreakfast/status/1310576960444268544/video/1', 'type': 'video', 'video_info': {'aspect_ratio': [1, 1], 'duration_millis': 199000, 'variants': [{'bitrate': 432000, 'content_type': 'video/mp4', 'url': 'https://video.twimg.com/amplify_video/1310573631139917824/vid/320x320/7P9B7TcWLhzobfl3.mp4?tag=13'}, {'content_type': 'application/x-mpegURL', 'url': 'https://video.twimg.com/amplify_video/1310573631139917824/pl/HrBQd6nxsj81_iZf.m3u8?tag=13'}, {'bitrate': 832000, 'content_type': 'video/mp4', 'url': 'https://video.twimg.com/amplify_video/1310573631139917824/vid/480x480/81PFWWQSc1z9LAAA.mp4?tag=13'}, {'bitrate': 1280000, 'content_type': 'video/mp4', 'url': 'https://video.twimg.com/amplify_video/1310573631139917824/vid/720x720/B-s_rVIu95p2elE7.mp4?tag=13'}]}, 'sizes': {'thumb': {'w': 150, 'h': 150, 'resize': 'crop'}, 'small': {'w': 680, 'h': 680, 'resize': 'fit'}, 'medium': {'w': 1080, 'h': 1080, 'resize': 'fit'}, 'large': {'w': 1080, 'h': 1080, 'resize': 'fit'}}}]}, 'extended_entities': {'media': [{'id': 1310573631139917824, 'id_str': '1310573631139917824', 'indices': [132, 155], 'additional_media_info': {'title': '', 'description': '', 'embeddable': True, 'monetizable': False}, 'media_url': 'http://pbs.twimg.com/media/EjAZIGFWsAAdgDy.jpg', 'media_url_https': 'https://pbs.twimg.com/media/EjAZIGFWsAAdgDy.jpg', 'url': 'https://t.co/9m349w4F28', 'display_url': 'pic.twitter.com/9m349w4F28', 'expanded_url': 'https://twitter.com/BBCBreakfast/status/1310576960444268544/video/1', 'type': 'video', 'video_info': {'aspect_ratio': [1, 1], 'duration_millis': 199000, 'variants': [{'bitrate': 432000, 'content_type': 'video/mp4', 'url': 'https://video.twimg.com/amplify_video/1310573631139917824/vid/320x320/7P9B7TcWLhzobfl3.mp4?tag=13'}, {'content_type': 'application/x-mpegURL', 'url': 'https://video.twimg.com/amplify_video/1310573631139917824/pl/HrBQd6nxsj81_iZf.m3u8?tag=13'}, {'bitrate': 832000, 'content_type': 'video/mp4', 'url': 'https://video.twimg.com/amplify_video/1310573631139917824/vid/480x480/81PFWWQSc1z9LAAA.mp4?tag=13'}, {'bitrate': 1280000, 'content_type': 'video/mp4', 'url': 'https://video.twimg.com/amplify_video/1310573631139917824/vid/720x720/B-s_rVIu95p2elE7.mp4?tag=13'}]}, 'sizes': {'thumb': {'w': 150, 'h': 150, 'resize': 'crop'}, 'small': {'w': 680, 'h': 680, 'resize': 'fit'}, 'medium': {'w': 1080, 'h': 1080, 'resize': 'fit'}, 'large': {'w': 1080, 'h': 1080, 'resize': 'fit'}}}]}}, 'quote_count': 11, 'reply_count': 29, 'retweet_count': 157, 'favorite_count': 610, 'entities': {'hashtags': [], 'urls': [{'url': 'https://t.co/mQIYqjffIJ', 'expanded_url': 'https://twitter.com/i/web/status/1310576960444268544', 'display_url': 'twitter.com/i/web/status/1…', 'indices': [109, 132]}], 'user_mentions': [], 'symbols': []}, 'favorited': False, 'retweeted': False, 'possibly_sensitive': False, 'filter_level': 'low', 'lang': 'en'}",,
Mon Sep 28 10:00:29 +0000 2020,1310519740771848192,1310519740771848192,What's behind the China-Taiwan divide and where are things at now? https://t.co/woMpGVOBH4,"<a href=""http://www.socialflow.com"" rel=""nofollow"">SocialFlow</a>",False,,,,,,"{'id': 742143, 'id_str': '742143', 'name': 'BBC News (World)', 'screen_name': 'BBCWorld', 'location': 'London, UK', 'url': 'http://www.bbc.com/news', 'description': ""News, features and analysis from the World's newsroom. Breaking news, follow @BBCBreaking. UK news, @BBCNews. Latest sports news @BBCSport"", 'translator_type': 'none', 'protected': False, 'verified': True, 'followers_count': 33875224, 'friends_count': 18, 'listed_count': 127063, 'favourites_count': 13, 'statuses_count': 339373, 'created_at': 'Thu Feb 01 07:44:29 +0000 2007', 'utc_offset': None, 'time_zone': None, 'geo_enabled': True, 'lang': None, 'contributors_enabled': False, 'is_translator': False, 'profile_background_color': 'FFFFFF', 'profile_background_image_url': 'http://abs.twimg.com/images/themes/theme1/bg.png', 'profile_background_image_url_https': 'https://abs.twimg.com/images/themes/theme1/bg.png', 'profile_background_tile': False, 'profile_link_color': '1F527B', 'profile_sidebar_border_color': 'FFFFFF', 'profile_sidebar_fill_color': 'FFFFFF', 'profile_text_color': '5A5A5A', 'profile_use_background_image': True, 'profile_image_url': 'http://pbs.twimg.com/profile_images/1150717770478379008/8-XiwK-s_normal.png', 'profile_image_url_https': 'https://pbs.twimg.com/profile_images/1150717770478379008/8-XiwK-s_normal.png', 'profile_banner_url': 'https://pbs.twimg.com/profile_banners/742143/1621582392', 'default_profile': False, 'default_profile_image': False, 'following': None, 'follow_request_sent': None, 'notifications': None, 'withheld_in_countries': []}",,,,,False,5,50,63,194,"{'hashtags': [], 'urls': [{'url': 'https://t.co/woMpGVOBH4', 'expanded_url': 'https://bbc.in/30hzJTY', 'display_url': 'bbc.in/30hzJTY', 'indices': [67, 90]}], 'user_mentions': [], 'symbols': []}",False,False,False,low,en,[{'tag': None}],,,
Thu Sep 24 17:58:30 +0000 2020,1309190487539167232,1309190487539167232,Chinese journalist missing since February 'under state supervision' https://t.co/CHuu4oYJ2v,"<a href=""http://www.socialflow.com"" rel=""nofollow"">SocialFlow</a>",False,,,,,,"{'id': 742143, 'id_str': '742143', 'name': 'BBC News (World)', 'screen_name': 'BBCWorld', 'location': 'London, UK', 'url': 'http://www.bbc.com/news', 'description': ""News, features and analysis from the World's newsroom. Breaking news, follow @BBCBreaking. UK news, @BBCNews. Latest sports news @BBCSport"", 'translator_type': 'none', 'protected': False, 'verified': True, 'followers_count': 33875224, 'friends_count': 18, 'listed_count': 127063, 'favourites_count': 13, 'statuses_count': 339373, 'created_at': 'Thu Feb 01 07:44:29 +0000 2007', 'utc_offset': None, 'time_zone': None, 'geo_enabled': True, 'lang': None, 'contributors_enabled': False, 'is_translator': False, 'profile_background_color': 'FFFFFF', 'profile_background_image_url': 'http://abs.twimg.com/images/themes/theme1/bg.png', 'profile_background_image_url_https': 'https://abs.twimg.com/images/themes/theme1/bg.png', 'profile_background_tile': False, 'profile_link_color': '1F527B', 'profile_sidebar_border_color': 'FFFFFF', 'profile_sidebar_fill_color': 'FFFFFF', 'profile_text_color': '5A5A5A', 'profile_use_background_image': True, 'profile_image_url': 'http://pbs.twimg.com/profile_images/1150717770478379008/8-XiwK-s_normal.png', 'profile_image_url_https': 'https://pbs.twimg.com/profile_images/1150717770478379008/8-XiwK-s_normal.png', 'profile_banner_url': 'https://pbs.twimg.com/profile_banners/742143/1621582392', 'default_profile': False, 'default_profile_image': False, 'following': None, 'follow_request_sent': None, 'notifications': None, 'withheld_in_countries': []}",,,,,False,15,33,189,362,"{'hashtags': [], 'urls': [{'url': 'https://t.co/CHuu4oYJ2v', 'expanded_url': 'https://bbc.in/2FVjiFG', 'display_url': 'bbc.in/2FVjiFG', 'indices': [68, 91]}], 'user_mentions': [], 'symbols': []}",False,False,False,low,en,[{'tag': None}],,,
Thu Sep 24 10:49:02 +0000 2020,1309082410248794115,1309082410248794115,"China’s new richest person is bottled water tycoon Zhong Shanshan, knocking Alibaba founder Jack Ma from the top sp… https://t.co/n0YnEDibKZ","<a href=""http://www.socialflow.com"" rel=""nofollow"">SocialFlow</a>",True,,,,,,"{'id': 742143, 'id_str': '742143', 'name': 'BBC News (World)', 'screen_name': 'BBCWorld', 'location': 'London, UK', 'url': 'http://www.bbc.com/news', 'description': ""News, features and analysis from the World's newsroom. Breaking news, follow @BBCBreaking. UK news, @BBCNews. Latest sports news @BBCSport"", 'translator_type': 'none', 'protected': False, 'verified': True, 'followers_count': 33875224, 'friends_count': 18, 'listed_count': 127063, 'favourites_count': 13, 'statuses_count': 339373, 'created_at': 'Thu Feb 01 07:44:29 +0000 2007', 'utc_offset': None, 'time_zone': None, 'geo_enabled': True, 'lang': None, 'contributors_enabled': False, 'is_translator': False, 'profile_background_color': 'FFFFFF', 'profile_background_image_url': 'http://abs.twimg.com/images/themes/theme1/bg.png', 'profile_background_image_url_https': 'https://abs.twimg.com/images/themes/theme1/bg.png', 'profile_background_tile': False, 'profile_link_color': '1F527B', 'profile_sidebar_border_color': 'FFFFFF', 'profile_sidebar_fill_color': 'FFFFFF', 'profile_text_color': '5A5A5A', 'profile_use_background_image': True, 'profile_image_url': 'http://pbs.twimg.com/profile_images/1150717770478379008/8-XiwK-s_normal.png', 'profile_image_url_https': 'https://pbs.twimg.com/profile_images/1150717770478379008/8-XiwK-s_normal.png', 'profile_banner_url': 'https://pbs.twimg.com/profile_banners/742143/1621582392', 'default_profile': False, 'default_profile_image': False, 'following': None, 'follow_request_sent': None, 'notifications': None, 'withheld_in_countries': []}",,,,,False,46,43,153,386,"{'hashtags': [], 'urls': [{'url': 'https://t.co/n0YnEDibKZ', 'expanded_url': 'https://twitter.com/i/web/status/1309082410248794115', 'display_url': 'twitter.com/i/web/status/1…', 'indices': [117, 140]}], 'user_mentions': [], 'symbols': []}",False,False,False,low,en,[{'tag': None}],,,"{'full_text': 'China’s new richest person is bottled water tycoon Zhong Shanshan, knocking Alibaba founder Jack Ma from the top spot https://t.co/sLi5YFzMNO', 'display_text_range': [0, 141], 'entities': {'hashtags': [], 'urls': [{'url': 'https://t.co/sLi5YFzMNO', 'expanded_url': 'https://bbc.in/2FMjmYz', 'display_url': 'bbc.in/2FMjmYz', 'indices': [118, 141]}], 'user_mentions': [], 'symbols': []}}"
Thu Sep 24 09:38:51 +0000 2020,1309064744733683712,1309064744733683712,"China has expanded its network of detention centres for its Uighur minority, report says https://t.co/eyRkENElpX","<a href=""http://www.socialflow.com"" rel=""nofollow"">SocialFlow</a>",False,,,,,,"{'id': 742143, 'id_str': '742143', 'name': 'BBC News (World)', 'screen_name': 'BBCWorld', 'location': 'London, UK', 'url': 'http://www.bbc.com/news', 'description': ""News, features and analysis from the World's newsroom. Breaking news, follow @BBCBreaking. UK news, @BBCNews. Latest sports news @BBCSport"", 'translator_type': 'none', 'protected': False, 'verified': True, 'followers_count': 33875224, 'friends_count': 18, 'listed_count': 127063, 'favourites_count': 13, 'statuses_count': 339373, 'created_at': 'Thu Feb 01 07:44:29 +0000 2007', 'utc_offset': None, 'time_zone': None, 'geo_enabled': True, 'lang': None, 'contributors_enabled': False, 'is_translator': False, 'profile_background_color': 'FFFFFF', 'profile_background_image_url': 'http://abs.twimg.com/images/themes/theme1/bg.png', 'profile_background_image_url_https': 'https://abs.twimg.com/images/themes/theme1/bg.png', 'profile_background_tile': False, 'profile_link_color': '1F527B', 'profile_sidebar_border_color': 'FFFFFF', 'profile_sidebar_fill_color': 'FFFFFF', 'profile_text_color': '5A5A5A', 'profile_use_background_image': True, 'profile_image_url': 'http://pbs.twimg.com/profile_images/1150717770478379008/8-XiwK-s_normal.png', 'profile_image_url_https': 'https://pbs.twimg.com/profile_images/1150717770478379008/8-XiwK-s_normal.png', 'profile_banner_url': 'https://pbs.twimg.com/profile_banners/742143/1621582392', 'default_profile': False, 'default_profile_image': False, 'following': None, 'follow_request_sent': None, 'notifications': None, 'withheld_in_countries': []}",,,,,False,69,94,443,632,"{'hashtags': [], 'urls': [{'url': 'https://t.co/eyRkENElpX', 'expanded_url': 'https://bbc.in/3cD2MGB', 'display_url': 'bbc.in/3cD2MGB', 'indices': [89, 112]}], 'user_mentions': [], 'symbols': []}",False,False,False,low,en,[{'tag': None}],,,
Wed Sep 23 23:06:50 +0000 2020,1308905693106384897,1308905693106384897,Heroes in Harm's Way: Covid-19 show sparks sexism debate in China https://t.co/9l5dGE5Lem,"<a href=""http://www.socialflow.com"" rel=""nofollow"">SocialFlow</a>",False,,,,,,"{'id': 742143, 'id_str': '742143', 'name': 'BBC News (World)', 'screen_name': 'BBCWorld', 'location': 'London, UK', 'url': 'http://www.bbc.com/news', 'description': ""News, features and analysis from the World's newsroom. Breaking news, follow @BBCBreaking. UK news, @BBCNews. Latest sports news @BBCSport"", 'translator_type': 'none', 'protected': False, 'verified': True, 'followers_count': 33875224, 'friends_count': 18, 'listed_count': 127063, 'favourites_count': 13, 'statuses_count': 339373, 'created_at': 'Thu Feb 01 07:44:29 +0000 2007', 'utc_offset': None, 'time_zone': None, 'geo_enabled': True, 'lang': None, 'contributors_enabled': False, 'is_translator': False, 'profile_background_color': 'FFFFFF', 'profile_background_image_url': 'http://abs.twimg.com/images/themes/theme1/bg.png', 'profile_background_image_url_https': 'https://abs.twimg.com/images/themes/theme1/bg.png', 'profile_background_tile': False, 'profile_link_color': '1F527B', 'profile_sidebar_border_color': 'FFFFFF', 'profile_sidebar_fill_color': 'FFFFFF', 'profile_text_color': '5A5A5A', 'profile_use_background_image': True, 'profile_image_url': 'http://pbs.twimg.com/profile_images/1150717770478379008/8-XiwK-s_normal.png', 'profile_image_url_https': 'https://pbs.twimg.com/profile_images/1150717770478379008/8-XiwK-s_normal.png', 'profile_banner_url': 'https://pbs.twimg.com/profile_banners/742143/1621582392', 'default_profile': False, 'default_profile_image': False, 'following': None, 'follow_request_sent': None, 'notifications': None, 'withheld_in_countries': []}",,,,,False,10,31,39,84,"{'hashtags': [], 'urls': [{'url': 'https://t.co/9l5dGE5Lem', 'expanded_url': 'https://bbc.in/3cuvJ7h', 'display_url': 'bbc.in/3cuvJ7h', 'indices': [66, 89]}], 'user_mentions': [], 'symbols': []}",False,False,False,low,en,[{'tag': None}],,,
Wed Sep 23 05:56:04 +0000 2020,1308646293087162368,1308646293087162368,China 'coercing' thousands of Tibetans into mass labour camps: Report https://t.co/FbwfTWuX6D,"<a href=""http://www.socialflow.com"" rel=""nofollow"">SocialFlow</a>",False,,,,,,"{'id': 742143, 'id_str': '742143', 'name': 'BBC News (World)', 'screen_name': 'BBCWorld', 'location': 'London, UK', 'url': 'http://www.bbc.com/news', 'description': ""News, features and analysis from the World's newsroom. Breaking news, follow @BBCBreaking. UK news, @BBCNews. Latest sports news @BBCSport"", 'translator_type': 'none', 'protected': False, 'verified': True, 'followers_count': 33875224, 'friends_count': 18, 'listed_count': 127063, 'favourites_count': 13, 'statuses_count': 339373, 'created_at': 'Thu Feb 01 07:44:29 +0000 2007', 'utc_offset': None, 'time_zone': None, 'geo_enabled': True, 'lang': None, 'contributors_enabled': False, 'is_translator': False, 'profile_background_color': 'FFFFFF', 'profile_background_image_url': 'http://abs.twimg.com/images/themes/theme1/bg.png', 'profile_background_image_url_https': 'https://abs.twimg.com/images/themes/theme1/bg.png', 'profile_background_tile': False, 'profile_link_color': '1F527B', 'profile_sidebar_border_color': 'FFFFFF', 'profile_sidebar_fill_color': 'FFFFFF', 'profile_text_color': '5A5A5A', 'profile_use_background_image': True, 'profile_image_url': 'http://pbs.twimg.com/profile_images/1150717770478379008/8-XiwK-s_normal.png', 'profile_image_url_https': 'https://pbs.twimg.com/profile_images/1150717770478379008/8-XiwK-s_normal.png', 'profile_banner_url': 'https://pbs.twimg.com/profile_banners/742143/1621582392', 'default_profile': False, 'default_profile_image': False, 'following': None, 'follow_request_sent': None, 'notifications': None, 'withheld_in_countries': []}",,,,,False,153,216,943,1533,"{'hashtags': [], 'urls': [{'url': 'https://t.co/FbwfTWuX6D', 'expanded_url': 'https://bbc.in/35YFIk4', 'display_url': 'bbc.in/35YFIk4', 'indices': [70, 93]}], 'user_mentions': [], 'symbols': []}",False,False,False,low,en,[{'tag': None}],,,
Tue Sep 22 21:23:47 +0000 2020,1308517371905224706,1308517371905224706,Climate change: China aims for 'carbon neutrality by 2060' https://t.co/QiImq69NnU,"<a href=""http://www.socialflow.com"" rel=""nofollow"">SocialFlow</a>",False,,,,,,"{'id': 742143, 'id_str': '742143', 'name': 'BBC News (World)', 'screen_name': 'BBCWorld', 'location': 'London, UK', 'url': 'http://www.bbc.com/news', 'description': ""News, features and analysis from the World's newsroom. Breaking news, follow @BBCBreaking. UK news, @BBCNews. Latest sports news @BBCSport"", 'translator_type': 'none', 'protected': False, 'verified': True, 'followers_count': 33875224, 'friends_count': 18, 'listed_count': 127063, 'favourites_count': 13, 'statuses_count': 339373, 'created_at': 'Thu Feb 01 07:44:29 +0000 2007', 'utc_offset': None, 'time_zone': None, 'geo_enabled': True, 'lang': None, 'contributors_enabled': False, 'is_translator': False, 'profile_background_color': 'FFFFFF', 'profile_background_image_url': 'http://abs.twimg.com/images/themes/theme1/bg.png', 'profile_background_image_url_https': 'https://abs.twimg.com/images/themes/theme1/bg.png', 'profile_background_tile': False, 'profile_link_color': '1F527B', 'profile_sidebar_border_color': 'FFFFFF', 'profile_sidebar_fill_color': 'FFFFFF', 'profile_text_color': '5A5A5A', 'profile_use_background_image': True, 'profile_image_url': 'http://pbs.twimg.com/profile_images/1150717770478379008/8-XiwK-s_normal.png', 'profile_image_url_https': 'https://pbs.twimg.com/profile_images/1150717770478379008/8-XiwK-s_normal.png', 'profile_banner_url': 'https://pbs.twimg.com/profile_banners/742143/1621582392', 'default_profile': False, 'default_profile_image': False, 'following': None, 'follow_request_sent': None, 'notifications': None, 'withheld_in_countries': []}",,,,,False,70,128,125,519,"{'hashtags': [], 'urls': [{'url': 'https://t.co/QiImq69NnU', 'expanded_url': 'https://bbc.in/3mIMzEf', 'display_url': 'bbc.in/3mIMzEf', 'indices': [59, 82]}], 'user_mentions': [], 'symbols': []}",False,False,False,low,en,[{'tag': None}],,,
Tue Sep 22 15:20:22 +0000 2020,1308425917925150724,1308425917925150724,"World must prevent new Cold War, United Nations chief António Guterres warns as tensions between China and US rise https://t.co/AEDnGNW27d","<a href=""http://www.socialflow.com"" rel=""nofollow"">SocialFlow</a>",False,,,,,,"{'id': 742143, 'id_str': '742143', 'name': 'BBC News (World)', 'screen_name': 'BBCWorld', 'location': 'London, UK', 'url': 'http://www.bbc.com/news', 'description': ""News, features and analysis from the World's newsroom. Breaking news, follow @BBCBreaking. UK news, @BBCNews. Latest sports news @BBCSport"", 'translator_type': 'none', 'protected': False, 'verified': True, 'followers_count': 33875224, 'friends_count': 18, 'listed_count': 127063, 'favourites_count': 13, 'statuses_count': 339373, 'created_at': 'Thu Feb 01 07:44:29 +0000 2007', 'utc_offset': None, 'time_zone': None, 'geo_enabled': True, 'lang': None, 'contributors_enabled': False, 'is_translator': False, 'profile_background_color': 'FFFFFF', 'profile_background_image_url': 'http://abs.twimg.com/images/themes/theme1/bg.png', 'profile_background_image_url_https': 'https://abs.twimg.com/images/themes/theme1/bg.png', 'profile_background_tile': False, 'profile_link_color': '1F527B', 'profile_sidebar_border_color': 'FFFFFF', 'profile_sidebar_fill_color': 'FFFFFF', 'profile_text_color': '5A5A5A', 'profile_use_background_image': True, 'profile_image_url': 'http://pbs.twimg.com/profile_images/1150717770478379008/8-XiwK-s_normal.png', 'profile_image_url_https': 'https://pbs.twimg.com/profile_images/1150717770478379008/8-XiwK-s_normal.png', 'profile_banner_url': 'https://pbs.twimg.com/profile_banners/742143/1621582392', 'default_profile': False, 'default_profile_image': False, 'following': None, 'follow_request_sent': None, 'notifications': None, 'withheld_in_countries': []}",,,,,False,33,106,175,666,"{'hashtags': [], 'urls': [{'url': 'https://t.co/AEDnGNW27d', 'expanded_url': 'https://bbc.in/3hUIlWz', 'display_url': 'bbc.in/3hUIlWz', 'indices': [115, 138]}], 'user_mentions': [], 'symbols': []}",False,False,False,low,en,[{'tag': None}],,,
Mon Sep 21 23:10:04 +0000 2020,1308181734329061384,1308181734329061384,NYPD officer charged with spying for China https://t.co/8lVhBLcF7v,"<a href=""http://www.socialflow.com"" rel=""nofollow"">SocialFlow</a>",False,,,,,,"{'id': 742143, 'id_str': '742143', 'name': 'BBC News (World)', 'screen_name': 'BBCWorld', 'location': 'London, UK', 'url': 'http://www.bbc.com/news', 'description': ""News, features and analysis from the World's newsroom. Breaking news, follow @BBCBreaking. UK news, @BBCNews. Latest sports news @BBCSport"", 'translator_type': 'none', 'protected': False, 'verified': True, 'followers_count': 33875224, 'friends_count': 18, 'listed_count': 127063, 'favourites_count': 13, 'statuses_count': 339373, 'created_at': 'Thu Feb 01 07:44:29 +0000 2007', 'utc_offset': None, 'time_zone': None, 'geo_enabled': True, 'lang': None, 'contributors_enabled': False, 'is_translator': False, 'profile_background_color': 'FFFFFF', 'profile_background_image_url': 'http://abs.twimg.com/images/themes/theme1/bg.png', 'profile_background_image_url_https': 'https://abs.twimg.com/images/themes/theme1/bg.png', 'profile_background_tile': False, 'profile_link_color': '1F527B', 'profile_sidebar_border_color': 'FFFFFF', 'profile_sidebar_fill_color': 'FFFFFF', 'profile_text_color': '5A5A5A', 'profile_use_background_image': True, 'profile_image_url': 'http://pbs.twimg.com/profile_images/1150717770478379008/8-XiwK-s_normal.png', 'profile_image_url_https': 'https://pbs.twimg.com/profile_images/1150717770478379008/8-XiwK-s_normal.png', 'profile_banner_url': 'https://pbs.twimg.com/profile_banners/742143/1621582392', 'default_profile': False, 'default_profile_image': False, 'following': None, 'follow_request_sent': None, 'notifications': None, 'withheld_in_countries': []}",,,,,False,51,82,369,865,"{'hashtags': [], 'urls': [{'url': 'https://t.co/8lVhBLcF7v', 'expanded_url': 'https://bbc.in/2FUeK2e', 'display_url': 'bbc.in/2FUeK2e', 'indices': [43, 66]}], 'user_mentions': [], 'symbols': []}",False,False,False,low,en,[{'tag': None}],,,
Mon Sep 21 15:16:14 +0000 2020,1308062489201070080,1308062489201070080,"China military PR film mocked over 'Hollywood clips', as social media users say they used scenes from Transformers… https://t.co/aphGB3gKNy","<a href=""http://www.socialflow.com"" rel=""nofollow"">SocialFlow</a>",True,,,,,,"{'id': 742143, 'id_str': '742143', 'name': 'BBC News (World)', 'screen_name': 'BBCWorld', 'location': 'London, UK', 'url': 'http://www.bbc.com/news', 'description': ""News, features and analysis from the World's newsroom. Breaking news, follow @BBCBreaking. UK news, @BBCNews. Latest sports news @BBCSport"", 'translator_type': 'none', 'protected': False, 'verified': True, 'followers_count': 33875224, 'friends_count': 18, 'listed_count': 127063, 'favourites_count': 13, 'statuses_count': 339373, 'created_at': 'Thu Feb 01 07:44:29 +0000 2007', 'utc_offset': None, 'time_zone': None, 'geo_enabled': True, 'lang': None, 'contributors_enabled': False, 'is_translator': False, 'profile_background_color': 'FFFFFF', 'profile_background_image_url': 'http://abs.twimg.com/images/themes/theme1/bg.png', 'profile_background_image_url_https': 'https://abs.twimg.com/images/themes/theme1/bg.png', 'profile_background_tile': False, 'profile_link_color': '1F527B', 'profile_sidebar_border_color': 'FFFFFF', 'profile_sidebar_fill_color': 'FFFFFF', 'profile_text_color': '5A5A5A', 'profile_use_background_image': True, 'profile_image_url': 'http://pbs.twimg.com/profile_images/1150717770478379008/8-XiwK-s_normal.png', 'profile_image_url_https': 'https://pbs.twimg.com/profile_images/1150717770478379008/8-XiwK-s_normal.png', 'profile_banner_url': 'https://pbs.twimg.com/profile_banners/742143/1621582392', 'default_profile': False, 'default_profile_image': False, 'following': None, 'follow_request_sent': None, 'notifications': None, 'withheld_in_countries': []}",,,,,False,26,62,145,497,"{'hashtags': [], 'urls': [{'url': 'https://t.co/aphGB3gKNy', 'expanded_url': 'https://twitter.com/i/web/status/1308062489201070080', 'display_url': 'twitter.com/i/web/status/1…', 'indices': [116, 139]}], 'user_mentions': [], 'symbols': []}",False,False,False,low,en,[{'tag': None}],,,"{'full_text': ""China military PR film mocked over 'Hollywood clips', as social media users say they used scenes from Transformers and The Rock https://t.co/fN7b0J0usd"", 'display_text_range': [0, 151], 'entities': {'hashtags': [], 'urls': [{'url': 'https://t.co/fN7b0J0usd', 'expanded_url': 'https://bbc.in/2HldPIM', 'display_url': 'bbc.in/2HldPIM', 'indices': [128, 151]}], 'user_mentions': [], 'symbols': []}}"
